Id,Nombre,Estado,Cliente,Proveedor,Fecha de creación,Fecha última modificación,Código cliente,Código proveedor,Código contable,SupplierAccountancyCode,Dirección,Código postal,Población,País,Código país,Teléfono,Fax,Url,Email,Idioma por defecto,ID profesional 1,ID profesional 2,ID profesional 3,ID profesional 4,ID profesional 5,ID profesional 6,NIF intra.,Capital,Nota (privada),Nota (pública),Tipo de tercero,Empleados,Forma jurídica,Cliente potencial,Estado cliente potencial,Provincia,
1,Crichigno,1,1,0,2016-07-03 15:00:23,2016-07-03 12:05:26,clie001,,,,,,,Paraguay,PY,,,,,,,,,,,,,0,,,-,,,,ST_NEVER,,
2,Dicopar,1,1,0,2016-07-03 15:00:43,2016-07-03 08:00:43,,,,,,,,Paraguay,PY,,,,,,,,,,,,,0,,,-,,,,ST_NEVER,,
3,Pronet,1,1,0,2016-07-03 15:00:56,2016-07-03 08:00:56,,,,,,,,Paraguay,PY,,,,,,,,,,,,,0,,,-,,,,ST_NEVER,,
4,Datos.com.py,1,1,0,2016-07-03 19:25:46,2016-07-03 12:25:46,clie003,,,,,,,Paraguay,PY,,,,,,,,,,,,,0,,,-,,,,ST_NEVER,,
581,RETAIL S.A,1,2,0,,2016-07-03 19:34:43,,,,,TTE.CASCO Y BOGGIANI,,,-,,623-774/612-812,,,,,,,,,,,80016096-7,,,,-,EF0,-,,ST_NEVER,,
582,CADENA FARMACENTER S.A,1,2,0,,2016-07-03 19:34:43,,,,,Leon Fragnaud 790 c/ Pacheco,,,-,,601-656/607-008/602-,,,,,,,,,,,80019551-5,,,,-,EF0,-,,ST_NEVER,,
583,PUMA ENERGY PARAGUAY S.A.,1,2,0,,2016-07-03 19:34:43,,,,,AVDA.ESPANA 1404.,,,-,,6899000,,,,,,,,,,,80027277-3,,,,-,EF0,-,,ST_NEVER,,
584,COMFAR S.A.E.C.A,1,2,0,,2016-07-03 19:34:43,,,,,ARTIGAS 2315 Y SGTO-FERNANDEZ,,,-,,292031,,,,,,,,,,,80011726-3,,,,-,EF0,-,,ST_NEVER,,
585,AGRIPLUS S.A.,1,2,0,,2016-07-04 19:45:54,,,,,Avda. PRIMER PTTE. 3558,,,-,,280494/281590,,www.agriplus.com.py/,,,,,,,,,80027820-8,0,,,-,,,,ST_NEVER,,
586,PARALEVA S.A.,1,2,0,,2016-07-03 19:34:43,,,,,DR. SAMUEL PERES 679 C/ MISIONES,,,-,,220412/220415,,,,,,,,,,,80010811-6,,,,-,EF0,-,,ST_NEVER,,
587,INFORCOM S.A.,1,2,0,,2016-07-03 19:34:43,,,,,Manuel Dominguez 344,,,-,,449177,,,,,,,,,,,80019467-5,,,,-,EF0,-,,ST_NEVER,,
588,DISTRIMOTOR S.A,1,2,0,,2016-07-03 19:34:43,,,,,Eusebio Ayala c/ Boggiani,,,-,,524438,,,,,,,,,,,80015033-3,,,,-,EF0,-,,ST_NEVER,,
589,PARAGUAY REFRESCOS S.A.,1,2,0,,2016-07-03 19:34:43,,,,,RUTA Ã?EMBY KM 3.5,,,-,,959-1277/ 9591300,,,,,,,,,,,80003400-7,,,,-,EF0,-,,ST_NEVER,,
590,YACYRETA GAS S.R.L,1,2,0,,2016-07-03 19:34:43,,,,,RUTA 1 KM 224,,,-,,990-301;5,,,,,,,,,,,80008847-6,,,,-,EF0,-,,ST_NEVER,,
591,AUTOMOVIL SUPPLY S.A,1,2,0,,2016-07-03 19:34:43,,,,,HUMAITA 299,,,-,,448-656/f:491-490,,,,,,,,,,,80001129-5,,,,-,EF0,-,,ST_NEVER,,
592,BENITEZ CODAS & ASOCIADOS,1,2,0,,2016-07-03 19:34:43,,,,,BRASILIA ESQ/BRUGADA,,,-,,212-505,,,,,,,,,,,80022038-2,,,,-,EF0,-,,ST_NEVER,,
593,CONDOR S.A.C.I,1,2,0,,2016-07-03 19:34:43,,,,,BERNARD GOROST.C/GUARANIES,,,-,,569-7000,,,,,,,,,,,80002514-8,,,,-,EF0,-,,ST_NEVER,,
594,MICKEY S.R.L,1,2,0,,2016-07-03 19:34:43,,,,,AVDA. FELIX BOGADO,,,-,,,,,,,,,,,,,80001567-3,,,,-,EF0,-,,ST_NEVER,,
595,DATA SYSTEMS S.A,1,2,0,,2016-07-03 19:34:43,,,,,AVDA.PERU Y ARTIGAS,,,-,,213-347/8,,,,,,,,,,,80013889-9,,,,-,EF0,-,,ST_NEVER,,
596,ACARAY GAS S.R.L,1,2,0,,2016-07-03 19:34:43,,,,,RUTA2 KM 131,,,-,,211-124,,,,,,,,,,,80006098-9,,,,-,EF0,-,,ST_NEVER,,
597,ARP-COLCAT,1,2,0,,2016-07-03 19:34:43,,,,,RUTA TRANSCHACO KM 14,,,-,,755-958/ 754-119,,,,,,,,,,,80021518-4,,,,-,EF0,-,,ST_NEVER,,
598,BOARDING PASS,1,2,0,,2016-07-03 19:34:43,,,,,MALUTIN 345,,,-,,608-508,,,,,,,,,,,80026740-0,,,,-,EF0,-,,ST_NEVER,,
599,FLOR JARA Y CIA.,1,2,0,,2016-07-03 19:34:43,,,,,PITIANTUTA 1263,,,-,,215-098,,,,,,,,,,,80002443-5,,,,-,EF0,-,,ST_NEVER,,
600,CAMBIOS CHACO,1,2,0,,2016-07-03 19:34:43,,,,,PALMA364,,,-,,445-315,,,,,,,,,,,80007403-3,,,,-,EF0,-,,ST_NEVER,,
601,ASEGURADORA DEL ESTE S.A.DE SEG.,1,2,0,,2016-07-03 19:34:43,,,,,AVDA.RCA.ARGENTINA E/PACHECO Y SOUZA,,,-,,605-105,,,,,,,,,,,80025781-2,,,,-,EF0,-,,ST_NEVER,,
602,PRONET S.A.,1,2,0,,2016-07-03 19:34:43,,,,,PALMA E/15 DE AGOSTO,,,-,,453-242,,,,,,,,,,,80019137-4,,,,-,EF0,-,,ST_NEVER,,
603,VIRGILIO TORRES,1,2,0,,2016-07-03 19:34:43,,,,,,,,-,,,,,,,,,,,,,1747782,,,,-,EF0,-,,ST_NEVER,,
604,THE AMERICAN SCHOOL OF ASUNCION,1,2,0,,2016-07-03 19:34:43,,,,,AVDA.CABO MARECOS C/ AVDA. ESPAÃ?A,,,-,,236-4128pagos:,,,,,,,,,,,80023852-4,,,,-,EF0,-,,ST_NEVER,,
605,EMBAJADA DE LOS EE.UU DE AMERICA,1,2,0,,2016-07-03 19:34:43,,,,,MCAL.LOPEZ 1776,,,-,,213-715,,,,,,,,,,,CD-384-3-837,,,,-,EF0,-,,ST_NEVER,,
606,ADELAIDA S.A.,1,2,0,,2016-07-03 19:34:43,,,,,ITURBE NÂº 1442 ESQ. 2DA. PROYECTADA,,,-,,371-164/6,,,,,,,,,,,80001997-0,,,,-,EF0,-,,ST_NEVER,,
607,FERRETER S.A.,1,2,0,,2016-07-03 19:34:43,,,,,INIA.NAC.Y 2DA.PROYECTADA,,,-,,442-943,,,,,,,,,,,80010713-6,,,,-,EF0,-,,ST_NEVER,,
608,DALLAS S.A.,1,2,0,,2016-07-03 19:34:43,,,,,TTE.RUIZ 725,,,-,,214-227/ 296-367/9,,,,,,,,,,,80037811-3,,,,-,EF0,-,,ST_NEVER,,
609,CIA.MARITIMA PARAGUAYA S.A.,1,2,0,,2016-07-03 19:34:43,,,,,ARTIGAS 4145,,,-,,283-665-7,,,,,,,,,,,80002827-9,,,,-,EF0,-,,ST_NEVER,,
610,SCAVONE HNOS S.A,1,2,0,,2016-07-03 19:34:43,,,,,SANTA ANA 431 C/ ESPAÃ?A,,,-,,608-171,,,,,,,,,,,80001916-4,,,,-,EF0,-,,ST_NEVER,,
611,EL BUEN SAMARITANO,1,2,0,,2016-07-03 19:34:43,,,,,CAMPOS CERVERA C/ RCA.ARGENTINA,,,-,,607-735/40,,,,,,,,,,,80010146-4,,,,-,EF0,-,,ST_NEVER,,
612,INDEL S.A.,1,2,0,,2016-07-03 19:34:43,,,,,PASO MEDIN 5259,,,-,,940-312,,,,,,,,,,,80061506-9,,,,-,EF0,-,,ST_NEVER,,
613,CAMARA NAC.COMER. Y SERV. DE PY,1,2,0,,2016-07-03 19:34:43,,,,,ESTRELLA 550,,,-,,493-321,,,,,,,,,,,80025484-8,,,,-,EF0,-,,ST_NEVER,,
614,CLUB INTERNACIONAL DE TENIS,1,2,0,,2016-07-03 19:34:43,,,,,J.PABLO GOROSTIAGA C/M.LYNCH,,,-,,681-913/15,,,,,,,,,,,80010556-7,,,,-,EF0,-,,ST_NEVER,,
615,CHACOMER S.A.E.,1,2,0,,2016-07-03 19:34:43,,,,,AVDA. E.AYALA,,,-,,518-0000,,,,,,,,,,,80013744-2,,,,-,EF0,-,,ST_NEVER,,
616,EDIT.GRAF.CONTINUA S.A,1,2,0,,2016-07-03 19:34:43,,,,,JOSE BERGES274,,,-,,615-522,,,,,,,,,,,80012713-7,,,,-,EF0,-,,ST_NEVER,,
617,MERCURIO S.A.,1,2,0,,2016-07-03 19:34:43,,,,,AVDA. VENEZUELA 2080,,,-,,290-895,,,,,,,,,,,80015966-7,,,,-,EF0,-,,ST_NEVER,,
618,PARMALAT PARAGUAY S.A.,1,2,0,,2016-07-03 19:34:43,,,,,NTRA.SRA ASUNCION,,,-,,583-822,,,,,,,,,,,80010758-6,,,,-,EF0,-,,ST_NEVER,,
619,CELLULAR S.A,1,2,0,,2016-07-03 19:34:43,,,,,ESPAÃ?A 308 C/DR.BESTARD,,,-,,600-605-604/611-355,,,,,,,,,,,80008968-5,,,,-,EF0,-,,ST_NEVER,,
620,AJ S.A. CALIDAD ANTE TODO,1,2,0,,2016-07-03 19:34:43,,,,,ESPAÃ?A 1410 C/SAN RAFAEL,,,-,,4141139/4141126pagos,,,,,,,,,,,80009641-0,,,,-,EF0,-,,ST_NEVER,,
621,FENIX S.A. DE SEGUROS Y REASEGUROS,1,2,0,,2016-07-03 19:34:43,,,,,F.R.MORENO ESQ ITURBE,,,-,,495-549,,,,,,,,,,,80001856-7,,,,-,EF0,-,,ST_NEVER,,
622,AFS PARAGUAY,1,2,0,,2016-07-03 19:34:43,,,,,AZARA 2242,,,-,,442-369/222 040,,,,,,,,,,,80008634-1,,,,-,EF0,-,,ST_NEVER,,
623,INDEGA S.A.,1,2,0,,2016-07-03 19:34:43,,,,,RUTA MCAL.ESTIGARRIBIA KM 8 1/2,,,-,,501-O11,,,,,,,,,,,80003239-0,,,,-,EF0,-,,ST_NEVER,,
624,OAMI S.A.,1,2,0,,2016-07-03 19:34:43,,,,,RCA.FRANCESA,,,-,,318-5000,,,,,,,,,,,80016120-3,,,,-,EF0,-,,ST_NEVER,,
625,VENLOG S.A.,1,2,0,,2016-07-03 19:34:43,,,,,AVA.SACRAMENTO 3205,,,-,,296-955,,,,,,,,,,,80024842-2,,,,-,EF0,-,,ST_NEVER,,
626,CIE S.A,1,2,0,,2016-07-03 19:34:43,,,,,ISLA BOGADO,,,-,,642-850/ 642-793,,,,,,,,,,,80030503-5,,,,-,EF0,-,,ST_NEVER,,
627,HOLDING MOCIPAR,1,2,0,,2016-07-03 19:34:43,,,,,PDTTE FRANCO 982 C/COLON,,,-,,491 210 498 712,,,,,,,,,,,,,,,-,EF0,-,,ST_NEVER,,
628,HOLA PARAGUAY S.A,1,2,0,,2016-07-03 19:34:43,,,,,GUIDO SAPANO 1652 C/SAN MARTIN,,,-,,6199410,,,,,,,,,,,80018154-9,,,,-,EF0,-,,ST_NEVER,,
629,REYMA S.A,1,2,0,,2016-07-03 19:34:43,,,,,RIO DE JANEIRO 654 ES/PERU,,,-,,200-686,,,,,,,,,,,80023939-3,,,,-,EF0,-,,ST_NEVER,,
630,COOP.YPACARAI L.T.D.A.,1,2,0,,2016-07-03 19:34:43,,,,,ANTEQUERA 255,,,-,,0513432877-432681,,,,,,,,,,,80007694-0,,,,-,EF0,-,,ST_NEVER,,
631,FE CAMBIOS S.A.,1,2,0,,2016-07-03 19:34:43,,,,,PALMA 519 C/14 DE MAYO,,,-,,451 300 villa morra,,,,,,,,,,,80019043-2,,,,-,EF0,-,,ST_NEVER,,
632,PROCARD S.A,1,2,0,,2016-07-03 19:34:43,,,,,INDEPENDENCIA NACIONAL NÂº 776 ENTRE HAEDO Y HUMAITA,,,-,,4167000,,,,,,,,,,,80017307-4,,,,-,EF0,-,,ST_NEVER,,
633,MEDICAMENTOS S.R.L,1,2,0,,2016-07-03 19:34:43,,,,,ALONSO 1450 E/ALEJO GARCIA Y A,,,-,,420 394,,,,,,,,,,,80021452-8,,,,-,EF0,-,,ST_NEVER,,
634,COOMECIPAR LTDA.,1,2,0,,2016-07-03 19:34:43,,,,,RIO DE JANEIRO Y ROSA PEÃ?A,,,-,,248 8000,,,,,,,,,,,80000747-6,,,,-,EF0,-,,ST_NEVER,,
635,TECNOSERVICE S.A,1,2,0,,2016-07-03 19:34:43,,,,,AVDA.1ER.PTTE.1726,,,-,,296-341,,,,,,,,,,,80016705-8,,,,-,EF0,-,,ST_NEVER,,
636,LASER IMPORT S.A,1,2,0,,2016-07-03 19:34:43,,,,,VIA FERREA 2440 C/BRASILIA,,,-,,289-5000,,,,,,,,,,,80009129-9,,,,-,EF0,-,,ST_NEVER,,
637,LA CORDILLERANA,1,2,0,,2016-07-03 19:34:43,,,,,CADETE SISA 1231,,,-,,374 046,,,,,,,,,,,1975905-3,,,,-,EF0,-,,ST_NEVER,,
638,GUAYAKI S.A.,1,2,0,,2016-07-03 19:34:43,,,,,AVDA.BRASILIA,,,-,,291-339 f:293-031,,,,,,,,,,,80014641-7,,,,-,EF0,-,,ST_NEVER,,
639,ALPASA,1,2,0,,2016-07-03 19:34:43,,,,,MCAL. LOPEZ C/ GRAL R BENITEZ,,,-,,608 311/312/663-966,,,,,,,,,,,80029599-4,,,,-,EF0,-,,ST_NEVER,,
640,AV S.A,1,2,0,,2016-07-03 19:34:43,,,,,SAN MARTIN C/ SUCRE.3ERPISO,,,-,,4141900,,,,,,,,,,,80050807-6,,,,-,EF0,-,,ST_NEVER,,
641,TODO MAX S.A,1,2,0,,2016-07-03 19:34:43,,,,,TTE. VILLAMAYOR 495 C/ ITURBE,,,-,,201 255,,,,,,,,,,,80050601-4,,,,-,EF0,-,,ST_NEVER,,
642,A. MESA S.R.L,1,2,0,,2016-07-04 18:03:34,,,,,RIO DE JANEIRO 654 ESQ/PERU,,,-,,,,,,,,,,,,,80080860-6,,Tienen un problema grave de seguridad en: http://190.128.230.98/amesa,,-,EF0,-,,ST_NEVER,,
643,GAS CORONA S.A.E.C.A,1,2,0,,2016-07-03 19:34:43,,,,,AVDA SAN ANTONIO Y AVDA PADRE AMERICO FERREIRA,,,-,,990-301 990-911,,,,,,,,,,,80030609-0,,,,-,EF0,-,,ST_NEVER,,
644,COOP.MULT.S CRISTOBAL LTDA,1,2,0,,2016-07-03 19:34:43,,,,,DENIS ROA,,,-,,617-9249/617-9280tes,,,,,,,,,,,80016760-0,,,,-,EF0,-,,ST_NEVER,,
645,GRÃ?FICOS S.R.L,1,2,0,,2016-07-03 19:34:43,,,,,MAGALLANES 4231 - LAMBARE,,,-,,925 333,,,,,,,,,,,80007642-7,,,,-,EF0,-,,ST_NEVER,,
646,DECIPROC S.A.,1,2,0,,2016-07-03 19:34:43,,,,,RUTA ACCESO SUR 1021 Ã?EMBY,,,-,,528-224,,,,,,,,,,,80007858-6,,,,-,EF0,-,,ST_NEVER,,
647,CUEVAS HNOS S.A,1,2,0,,2016-07-03 19:34:43,,,,,MCAL.LOPEZ 5557,,,-,,379-7000,,,,,,,,,,,80002465-6,,,,-,EF0,-,,ST_NEVER,,
648,SHOPPING CENTER PARAGUAY S.A.,1,2,0,,2016-07-03 19:34:44,,,,,AVDA. AVIADORES DEL CHACO,,,-,,611-780,,,,,,,,,,,80009057-8,,,,-,EF0,-,,ST_NEVER,,
649,LA ESTRELLA SOLITARIA S.A,1,2,0,,2016-07-03 19:34:44,,,,,ESPAÃ?A 2076,,,-,,600 605,,,,,,,,,,,80006708-8,,,,-,EF0,-,,ST_NEVER,,
650,TALABART,1,2,0,,2016-07-03 19:34:44,,,,,PADRE PUCHECO,,,-,,222 457 230 084,,,,,,,,,,,80055195-8,,,,-,EF0,-,,ST_NEVER,,
651,NANCY CAFFARENA,1,2,0,,2016-07-03 19:34:44,,,,,TOURING,,,-,,,,,,,,,,,,,1263852-8,,,,-,EF0,-,,ST_NEVER,,
652,ESTUD.JURID.BOGARIN& DE JESUS,1,2,0,,2016-07-03 19:34:44,,,,,NTRA.SRA.ASUNC.540 C/OLIVA,,,-,,492-976,,,,,,,,,,,591225-3,,,,-,EF0,-,,ST_NEVER,,
653,EDITORIAL AZETA S.A,1,2,0,,2016-07-03 19:34:44,,,,,YEGROS C/ HERRERA,,,-,,491-160/4151395,,,,,,,,,,,80001788-9,,,,-,EF0,-,,ST_NEVER,,
654,LAURA SAMUDIO,1,2,0,,2016-07-03 19:34:44,,,,,,,,-,,,,,,,,,,,,,,,,,-,EF0,-,,ST_NEVER,,
655,RUBEN SAVORGNAN,1,2,0,,2016-07-03 19:34:44,,,,,,,,-,,,,,,,,,,,,,,,,,-,EF0,-,,ST_NEVER,,
656,COMPUTEC S.A INFORMATICA,1,2,0,,2016-07-03 19:34:44,,,,,CERRO CORA 1253 C/CURUPAYTY,,,-,,209 218 209 219,,,,,,,,,,,80020288-0,,,,-,EF0,-,,ST_NEVER,,
657,TUBOPAR S.A,1,2,0,,2016-07-03 19:34:44,,,,,AVDA.CACIQUE LAMBARE C/ACOSTA,,,-,,905-452/6,,,,,,,,,,,80019202-8,,,,-,EF0,-,,ST_NEVER,,
658,TRAFALGAR S.R.L,1,2,0,,2016-07-03 19:34:44,,,,,DR.CASTULO FRANCO 313,,,-,,529 263,,,,,,,,,,,80008567-1,,,,-,EF0,-,,ST_NEVER,,
659,AMIGO Y ARDITI S.A,1,2,0,,2016-07-03 19:34:44,,,,,RUT6A MCAL ESTIG.1282 ESQ YTORORO,,,-,,515 225,,,,,,,,,,,80002555-5,,,,-,EF0,-,,ST_NEVER,,
660,MERCADO PLUS S.A.,1,2,0,,2016-07-03 19:34:44,,,,,,,,-,,908-859,,,,,,,,,,,80024431-1,,,,-,EF0,-,,ST_NEVER,,
661,ASOC.DE AGENTES MARITIMOS DEL PY,1,2,0,,2016-07-03 19:34:44,,,,,TTE.RUIZ 821 C/ WASHIGTON,,,-,,222-621,,,,,,,,,,,80027832-1,,,,-,EF0,-,,ST_NEVER,,
662,PARAGUAY TRADING S.A,1,2,0,,2016-07-03 19:34:44,,,,,AV.GABRIEL PELLON Y VICTOR MORINIGO,,,-,,237-7177,,,,,,,,,,,80014942-4,,,,-,EF0,-,,ST_NEVER,,
663,COSTA ORIENTAL PY S.A.,1,2,0,,2016-07-03 19:34:44,,,,,RUTA12 KM3 1/2 VILLA HAYES,,,-,,98332390,,,,,,,,,,,80072091-1,,,,-,EF0,-,,ST_NEVER,,
664,COLEGAIO STELLA MARIS,1,2,0,,2016-07-03 19:34:44,,,,,,,,-,,,,,,,,,,,,,,,,,-,EF0,-,,ST_NEVER,,
665,DULSA ORGANICA,1,2,0,,2016-07-03 19:34:44,,,,,RUTA LUQUE -LIMPIO,,,-,,641-495,,,,,,,,,,,80046048-0,,,,-,EF0,-,,ST_NEVER,,
666,AUTORREPUESTOS DARMANAS,1,2,0,,2016-07-03 19:34:44,,,,,,,,-,,590 943,,,,,,,,,,,1876714-1,,,,-,EF0,-,,ST_NEVER,,
667,GRUPO ITAUGUA S.A,1,2,0,,2016-07-03 19:34:44,,,,,,,,-,,,,,,,,,,,,,,,,,-,EF0,-,,ST_NEVER,,
668,GOURMAND S.A,1,2,0,,2016-07-03 19:34:44,,,,,JUAN DE SALAZAR 856,,,-,,606 275,,,,,,,,,,,80083107-1,,,,-,EF0,-,,ST_NEVER,,
669,GRUPO ITAGUA S.A,1,2,0,,2016-07-03 19:34:44,,,,,,,,-,,,,,,,,,,,,,80082034-7,,,,-,EF0,-,,ST_NEVER,,
670,TOYOTOSHI S.A,1,2,0,,2016-07-03 19:34:44,,,,,MCAL.LOPEZ 2801,,,-,,619-0877/570-570,,,,,,,,,,,80003128-8,,,,-,EF0,-,,ST_NEVER,,
671,TECNOEDIL S.A. CONSTRUCTORA,1,2,0,,2016-07-03 19:34:44,,,,,TTE.DEMETRIO ARAUJO N107 ESQ/SACRAMENTO,,,-,,,,,,,,,,,,,,,,,-,EF0,-,,ST_NEVER,,
672,COOPERATIVA MERCADO N4 LTDA,1,2,0,,2016-07-03 19:34:44,,,,,AVDA. PETIROSSI C/ BATILANA,,,-,,021.2185000,,,,,,,,,,,80018884-5,,,,-,EF0,-,,ST_NEVER,,
673,MAPFRE PARAGUAY CIA. DE SEGUROS S.A,1,2,0,,2016-07-03 19:34:44,,,,,MCAL.LOPEZ N910,,,-,,217-6412,,,,,,,,,,,80007979-5,,,,-,EF0,-,,ST_NEVER,,
674,GOLDEN TRADE S.R.L,1,2,0,,2016-07-03 19:34:44,,,,,PALMA Nro 685,,,-,,021.447266,,,,,,,,,,,80002894-5,,,,-,EF0,-,,ST_NEVER,,
675,UTILPAR S.R.L,1,2,0,,2016-07-03 19:34:44,,,,,MCAL LOPEZ C/ CERRO PORTEÃ?O,,,-,,021.523652/3,,,,,,,,,,,80005173-4,,,,-,EF0,-,,ST_NEVER,,
676,BRINGCO S.A,1,2,0,,2016-07-03 19:34:44,,,,,Gral. Aquino 422 e/ cerro cora,,,-,,021.223333,,,,,,,,,,,80063527-2,,,,-,EF0,-,,ST_NEVER,,
677,ASUNCION GOLF& CLUB,1,2,0,,2016-07-03 19:34:44,,,,,,,,-,,,,,,,,,,,,,,,,,-,EF0,-,,ST_NEVER,,
678,MARLENE SAMUDIO,1,2,0,,2016-07-03 19:34:44,,,,,,,,-,,,,,,,,,,,,,3839453-7,,,,-,EF0,-,,ST_NEVER,,
679,VISION BANCO S.A.E.C.A,1,2,0,,2016-07-03 19:34:44,,,,,AVDA SANTA TERESA 3088,,,-,,4153539 pago: 414300,,,,,,,,,,,80009310-0,,,,-,EF0,-,,ST_NEVER,,
680,GUIDO A. BENITEZ,1,2,0,,2016-07-03 19:34:44,,,,,15 DE SETIEMBRE NÂº430 C/ INDIA,,,-,,021.294934,,,,,,,,,,,2306260-6,,,,-,EF0,-,,ST_NEVER,,
681,GRAFITEC,1,2,0,,2016-07-03 19:34:44,,,,,,,,-,,,,,,,,,,,,,,,,,-,EF0,-,,ST_NEVER,,
682,SAN RAFAEL DISTRIBUIDORA,1,2,0,,2016-07-03 19:34:44,,,,,RCA.ARGENTINA 1714,,,-,,0984 747314,,,,,,,,,,,4260240-8,,,,-,EF0,-,,ST_NEVER,,
683,ASOFA,1,2,0,,2016-07-03 19:34:44,,,,,DR CANDIA Y DR INSFRAN,,,-,,493 610,,,,,,,,,,,80034329-8,,,,-,EF0,-,,ST_NEVER,,
684,CABAÃ?AS TRES ARROYOS,1,2,0,,2016-07-03 19:34:44,,,,,ITURBE 1442 ESQ 2DA PROYECTADA,,,-,,371-164,,,,,,,,,,,80002753-1,,,,-,EF0,-,,ST_NEVER,,
685,INST.PRIVADO DEL NINO,1,2,0,,2016-07-03 19:34:44,,,,,AZARA 1042 C/EEUU,,,-,,211-203,,,,,,,,,,,80000156-7,,,,-,EF0,-,,ST_NEVER,,
686,ALIANZA COMERCIAL S.A,1,2,0,,2016-07-03 19:34:44,,,,,JUAN C. PATIÃ?O 1298,,,-,,299-984,,,,,,,,,,,80024350-1,,,,-,EF0,-,,ST_NEVER,,
687,STREAM S.A,1,2,0,,2016-07-03 19:34:44,,,,,PALMA 691 C/O`LEARY,,,-,,453 242,,,,,,,,,,,80020343-7,,,,-,EF0,-,,ST_NEVER,,
688,COOP. MULTI. LA RURAL LTDA,1,2,0,,2016-07-03 19:34:44,,,,,RUTA TRANSCHACO KM 14,,,-,,755 958,,,,,,,,,,,80082320-6,,,,-,EF0,-,,ST_NEVER,,
689,ATALAYA S.A DE SEGUROS,1,2,0,,2016-07-03 19:34:44,,,,,IND NAC.565 E/AZARA Y CERRO,,,-,,492 811/12,,,,,,,,,,,80004518-1,,,,-,EF0,-,,ST_NEVER,,
690,RIS S.R.L,1,2,0,,2016-07-03 19:34:44,,,,,IND NAC 565E/AZARA Y CERRO,,,-,,492 811/12,,,,,,,,,,,80017228-0,,,,-,EF0,-,,ST_NEVER,,
691,CENTRAL LIBRERIA,1,2,0,,2016-07-03 19:34:44,,,,,,,,-,,,,,,,,,,,,,,,,,-,EF0,-,,ST_NEVER,,
692,M&D CAMBIOS S.A,1,2,0,,2016-07-03 19:34:44,,,,,ESTRELLA 516 ESQ/14 DE MAYO,,,-,,451-377/ 9,,,,,,,,,,,80028818-1,,,,-,EF0,-,,ST_NEVER,,
693,EQUIFAX PARAGUAY S.A,1,2,0,,2016-07-03 19:34:44,,,,,,,,-,,,,,,,,,,,,,80045898-2,,,,-,EF0,-,,ST_NEVER,,
694,S.A.C.I. H. PETERSEN,1,2,0,,2016-07-03 19:34:44,,,,,AVDA.ARTIGAS Y STO.TOMAS,,,-,,202-615/213-819,,,,,,,,,,,80002126-6,,,,-,EF0,-,,ST_NEVER,,
695,FREDY BARRIENTOS,1,2,0,,2016-07-03 19:34:44,,,,,TTE FARIÃ?A ESQ PARAGUARI,,,-,,433 319 453 428,,,,,,,,,,,741808-6,,,,-,EF0,-,,ST_NEVER,,
696,ASOC.RURAL DEL PARAGUAY,1,2,0,,2016-07-03 19:34:44,,,,,RUTA TRANSCHACO,,,-,,754-412,,,,,,,,,,,80021518-4,,,,-,EF0,-,,ST_NEVER,,
697,TERPORT,1,2,0,,2016-07-03 19:34:44,,,,,,,,-,,595 21 969 083/6 Int,,,,,,,,,,,,,,,-,EF0,-,,ST_NEVER,,
698,AG ZAMPHIROPOLOS S.A,1,2,0,,2016-07-03 19:34:44,,,,,AVDA ARTIGAS 2100,,,-,,296-337/8 INT 146,,,,,,,,,,,80003182-2,,,,-,EF0,-,,ST_NEVER,,
699,FIC S.A DE FINANZAS,1,2,0,,2016-07-03 19:34:44,,,,,ESTRELLA 496 C/14 DE MAYO,,,-,,438-0000,,,,,,,,,,,80081330-8,,,,-,EF0,-,,ST_NEVER,,
700,GENTE DE PRENSA S.A.,1,2,0,,2016-07-03 19:34:44,,,,,Mcal. LÃ³pez NÂº 2740 c/ Tte. Irala Campercholi,,,-,,681-237,,,,,,,,,,,80031878-1,,,,-,EF0,-,,ST_NEVER,,
701,JORGE I REYES,1,2,0,,2016-07-03 19:34:44,,,,,F.R.MORENO ESQ/ITURBE,,,-,,,,,,,,,,,,,1782169-8,,,,-,EF0,-,,ST_NEVER,,
702,DISTRIBUIDORA DEL PARAGUAY S.A,1,2,0,,2016-07-03 19:34:44,,,,,ACCESO SUR KM32,,,-,,969-200,,,,,,,,,,,80020653-3,,,,-,EF0,-,,ST_NEVER,,
703,MASTEC,1,2,0,,2016-07-03 19:34:44,,,,,,,,-,,,,,,,,,,,,,168721-2,,,,-,EF0,-,,ST_NEVER,,
704,ENRIQUE REMMELE S.A.C.I,1,2,0,,2016-07-03 19:34:44,,,,,CPTAN INSFRAN 148 C/ARTIGAS,,,-,,299 575 299 584,,,,,,,,,,,80008448-9,,,,-,EF0,-,,ST_NEVER,,
705,ERFOLG S.A.C.I,1,2,0,,2016-07-03 19:34:44,,,,,,,,-,,,,,,,,,,,,,80023013-2,,,,-,EF0,-,,ST_NEVER,,
706,TTU S.A,1,2,0,,2016-07-03 19:34:44,,,,,,,,-,,,,,,,,,,,,,80035424-9,,,,-,EF0,-,,ST_NEVER,,
707,CAJA MUTUAL DE COOP.DEL PARAGUAY,1,2,0,,2016-07-03 19:34:44,,,,,COLON1083 C/JEJUI,,,-,,440-310/440-686,,,,,,,,,,,80004152-6,,,,-,EF0,-,,ST_NEVER,,
708,COMINCO S.R.L,1,2,0,,2016-07-03 19:34:44,,,,,,,,-,,761-607,,,,,,,,,,,80005590-0,,,,-,EF0,-,,ST_NEVER,,
709,IMPORT QUARTZ S.A,1,2,0,,2016-07-03 19:34:44,,,,,PASCO PUCU 1565 C/FELIX BOGADO,,,-,,,,,,,,,,,,,80040781-4,,,,-,EF0,-,,ST_NEVER,,
710,ANTONIA DE CABALLERO,1,2,0,,2016-07-03 19:34:44,,,,,ROMA E/14 DE MAYO,,,-,,372 308,,,,,,,,,,,431539-1,,,,-,EF0,-,,ST_NEVER,,
711,CARLOS FERNANDEZ,1,2,0,,2016-07-03 19:34:44,,,,,SAN IGNACIO C/ SAN ISIDRO,,,-,,,,,,,,,,,,,4452538,,,,-,EF0,-,,ST_NEVER,,
712,DOMENICA S.A,1,2,0,,2016-07-03 19:34:44,,,,,Av. del CHACO2351 C/ CAMPOS CERVERA,,,-,,689-8011/ 8012,,,,,,,,,,,80081937-3,,,,-,EF0,-,,ST_NEVER,,
713,DISTRIBUIDORA IMPERIAL S.A.,1,2,0,,2016-07-03 19:34:44,,,,,ACCESO SUR 1027 C/TTE.AMERICO PICO,,,-,,509-001/3,,,,,,,,,,,80003718-9,,,,-,EF0,-,,ST_NEVER,,
714,DOLL S.R.L,1,2,0,,2016-07-03 19:34:44,,,,,,,,-,,,,,,,,,,,,,80009779-3,,,,-,EF0,-,,ST_NEVER,,
715,COMPAÃ?IA COMERCIAL S.A.,1,2,0,,2016-07-03 19:34:44,,,,,JUAN C. PATIÃ?O 1260,,,-,,299984,,,,,,,,,,,80077873-1,,,,-,EF0,-,,ST_NEVER,,
716,PNUD/UNODC,1,2,0,,2016-07-03 19:34:44,,,,,,,,-,,611980 int:188,,,,,,,,,,,,,,,-,EF0,-,,ST_NEVER,,
717,S.A. F.KRAUCH,1,2,0,,2016-07-03 19:34:44,,,,,Sgto. E.Martinez N150 c/ Avda.Artigas,,,-,,293735,,,,,,,,,,,80001682-3,,,,-,EF0,-,,ST_NEVER,,
718,INDUS.GRAF.BR S.A,1,2,0,,2016-07-03 19:34:44,,,,,EL TRABAJADOR ESQ.SAN LEOPOLDO,,,-,,331-608/9 PAGOS:4,,,,,,,,,,,80024380-3,,,,-,EF0,-,,ST_NEVER,,
719,COOP.LAMBARE,1,2,0,,2016-07-03 19:34:44,,,,,AVDA.CACIQUE LAMBARE,,,-,,903-224/5,,,,,,,,,,,80016228-5,,,,-,EF0,-,,ST_NEVER,,
720,LA CAOBA,1,2,0,,2016-07-03 19:34:44,,,,,RUTA TRANSCHACO KM 15,,,-,,754862,,,,,,,,,,,,,,,-,EF0,-,,ST_NEVER,,
721,DDA S.A,1,2,0,,2016-07-03 19:34:44,,,,,MENCIA DE SANABRIA,,,-,,558-869/71,,,,,,,,,,,80021736-5,,,,-,EF0,-,,ST_NEVER,,
722,EL PRODUCTOR S.A. DE SEGUROS,1,2,0,,2016-07-03 19:34:44,,,,,INCIA NACIONAL ESQ HUMAITA,,,-,,442155,,,,,,,,,,,80021607-5,,,,-,EF0,-,,ST_NEVER,,
723,RPM DISTRIBUIDORA,1,2,0,,2016-07-03 19:34:44,,,,,MORQUIO 853 E/AVDA.FDO.DE LA MORA Y MENCIA DE SANABRIA,,,-,,233677,,,,,,,,,,,,,,,-,EF0,-,,ST_NEVER,,
724,BEPSA DEL PARAGUAY,1,2,0,,2016-07-03 19:34:44,,,,,MCAL. LOPEZ,,,-,,602-333,,,,,,,,,,,80011012-9,,,,-,EF0,-,,ST_NEVER,,
725,RIEDER & CIA. S.A.C.I,1,2,0,,2016-07-03 19:34:44,,,,,AVDA.ARTIGAS 1945,,,-,,214-114 INT:232,,,,,,,,,,,80002612-8,,,,-,EF0,-,,ST_NEVER,,
726,LIBRERIA TODO UTIL,1,2,0,,2016-07-03 19:34:44,,,,,,,,-,,,,,,,,,,,,,,,,,-,EF0,-,,ST_NEVER,,
727,IMAG,1,2,0,,2016-07-03 19:34:44,,,,,,,,-,,,,,,,,,,,,,,,,,-,EF0,-,,ST_NEVER,,
728,PROACTIVA S.A,1,2,0,,2016-07-03 19:34:44,,,,,MCAL LOPEZ 2740 C/TTE IRALA CAMPERCHOLI,,,-,,674 186,,,,,,,,,,,80054747-0,,,,-,EF0,-,,ST_NEVER,,
729,PARAGUAY RELOCATION S.A,1,2,0,,2016-07-03 19:34:44,,,,,AVDA.F.BOGADO 2435,,,-,,300-346,,,,,,,,,,,80018226-0,,,,-,EF0,-,,ST_NEVER,,
730,INDUSTRIAS PET SAECA,1,2,0,,2016-07-03 19:34:44,,,,,RUTA TRANSCHACO KM 15,,,-,,752-820 INTERNO 222,,,,,,,,,,,80024881-3,,,,-,EF0,-,,ST_NEVER,,
731,BIEN S.A.,1,2,0,,2016-07-03 19:34:44,,,,,EEUU N6 C/PARQ.CABALLERO,,,-,,445-444,,,,,,,,,,,80082185-8,,,,-,EF0,-,,ST_NEVER,,
732,SILVERAL S.R.L,1,2,0,,2016-07-03 19:34:44,,,,,,,,-,,,,,,,,,,,,,80056821-4,,,,-,EF0,-,,ST_NEVER,,
733,A.M.REGUERA,1,2,0,,2016-07-03 19:34:44,,,,,AVDA.E.AYALA 4688,,,-,,508-140,,,,,,,,,,,,,,,-,EF0,-,,ST_NEVER,,
734,ASOCIACION FE Y ALEGRIA,1,2,0,,2016-07-03 19:34:44,,,,,O LEARY 1847 ENT/6TA Y 7MA,,,-,,390-576,,,,,,,,,,,80029842-0,,,,-,EF0,-,,ST_NEVER,,
735,CENTRO MEDICO BAUTISTA,1,2,0,,2016-07-03 19:34:44,,,,,,,,-,,,,,,,,,,,,,,,,,-,EF0,-,,ST_NEVER,,
736,INTEGRO CONSULTORIA,1,2,0,,2016-07-03 19:34:44,,,,,BATTILANA2015 ENTRE 1RO.MAYO,,,-,,224-133,,,,,,,,,,,80056505-3,,,,-,EF0,-,,ST_NEVER,,
737,FE CAMBIOS S.A,1,2,0,,2016-07-03 19:34:44,,,,,MCAL.ESTIGARRIBIA2254 C/ESPAÃ?A,,,-,,570-470,,,,,,,,,,,80019043-2,,,,-,EF0,-,,ST_NEVER,,
738,ALEX S.A,1,2,0,,2016-07-03 19:34:44,,,,,,,,-,,645-900,,,,,,,,,,,,,,,-,EF0,-,,ST_NEVER,,
739,RAFAEL ANIBAL HEISECKE,1,2,0,,2016-07-03 19:34:44,,,,,AVDA.ARTIGAS 506 ES/S.JOSE,,,-,,208-596,,,,,,,,,,,196070-9,,,,-,EF0,-,,ST_NEVER,,
740,MOTORMARKET S.A,1,2,0,,2016-07-03 19:34:44,,,,,AV.DEFENSORES DEL CHACO 955,,,-,,513-964,,,,,,,,,,,80048600-5,,,,-,EF0,-,,ST_NEVER,,
741,CFA ESPAÃ?A,1,2,0,,2016-07-03 19:34:44,,,,,,,,-,,,,,,,,,,,,,,,,,-,EF0,-,,ST_NEVER,,
742,ROLE S.A,1,2,0,,2016-07-03 19:34:44,,,,,PERU 1080 E/TTE.FARINA,,,-,,237-6751/3,,,,,,,,,,,80083950-1,,,,-,EF0,-,,ST_NEVER,,
743,PLAN INTERNATIONAL INC,1,2,0,,2016-07-03 19:34:44,,,,,TTE. GUIDO SPANO1687 C/S.MARTIN,,,-,,615-176/615-174pagos,,,,,,,,,,,80026913-6,,,,-,EF0,-,,ST_NEVER,,
744,CRUZ Y ASOCIADOS,1,2,0,,2016-07-03 19:34:44,,,,,AVDA.5TA 951 C/PARAPITI,,,-,,374233,,,,,,,,,,,80049603-5,,,,-,EF0,-,,ST_NEVER,,
745,SERV.CONTAB.DE SIST.DEL PY S.A,1,2,0,,2016-07-03 19:34:44,,,,,1ERPISO EDIF.OLIVA,,,-,,4141822,,,,,,,,,,,80010953-8,,,,-,EF0,-,,ST_NEVER,,
746,TELEXPAR SRL,1,2,0,,2016-07-03 19:34:44,,,,,,,,-,,440-992,,,,,,,,,,,80025739-1,,,,-,EF0,-,,ST_NEVER,,
747,ACTITUD DE CONTADORES PUBLICOS ASOC.,1,2,0,,2016-07-03 19:34:44,,,,,ACA CARAYA 546,,,-,,205-722,,,,,,,,,,,80037803-2,,,,-,EF0,-,,ST_NEVER,,
748,ESTIRPE GUARANI S.A,1,2,0,,2016-07-03 19:34:44,,,,,MOLAS LOPEZ 2125 C/SACRAMENTO,,,-,,297-480,,,,,,,,,,,80022721-2,,,,-,EF0,-,,ST_NEVER,,
749,COPALSA,1,2,0,,2016-07-03 19:34:44,,,,,,,,-,,570361,,,,,,,,,,,80002217-5,,,,-,EF0,-,,ST_NEVER,,
750,CAFFETTO SRL,1,2,0,,2016-07-03 19:34:44,,,,,LILIO,,,-,,,,,,,,,,,,,80083487-9,,,,-,EF0,-,,ST_NEVER,,
751,SUMIDENSO PARAGUAY SRL,1,2,0,,2016-07-03 19:34:44,,,,,CAPIATA RUTA 1 KM 21,,,-,,228622104,,,,,,,,,,,80080808-8,,,,-,EF0,-,,ST_NEVER,,
752,MIMBRERIA EL TIGRE,1,2,0,,2016-07-03 19:34:44,,,,,,,,-,,,,,,,,,,,,,450054-7,,,,-,EF0,-,,ST_NEVER,,
753,EDESA,1,2,0,,2016-07-03 19:34:44,,,,,PROF.CONRADI1690,,,-,,501-652,,,,,,,,,,,80002615-2,,,,-,EF0,-,,ST_NEVER,,
754,HOSPITAL REGIONAL DE LUQUE,1,2,0,,2016-07-03 19:34:44,,,,,IND. NAC. ESQ. CAMPOS CERVERA - LUQUE,,,-,,,,,,,,,,,,,8000905-3,,,,-,EF0,-,,ST_NEVER,,
755,A.J. BOSTON S.A,1,2,0,,2016-07-03 19:34:44,,,,,PALMA C/15 DE AGOSTO,,,-,,289-5000,,,,,,,,,,,80014363-9,,,,-,EF0,-,,ST_NEVER,,
756,MODISER S.A,1,2,0,,2016-07-03 19:34:44,,,,,,,,-,,289-5000,,,,,,,,,,,80052847-6,,,,-,EF0,-,,ST_NEVER,,
757,TV MANAGER S.A,1,2,0,,2016-07-03 19:34:44,,,,,AVDA. ESPAÃ?A COMPLEJO TEXTILIA,,,-,,618-4508,,,,,,,,,,,80046701-9,,,,-,EF0,-,,ST_NEVER,,
758,CONTENIDOS DIRIGIDOS S.A,1,2,0,,2016-07-03 19:34:44,,,,,MCAL.LOPEZ Y TTE CASO,,,-,,414-1120,,,,,,,,,,,80037724-0,,,,-,EF0,-,,ST_NEVER,,
759,ATALAYA DE INMUEBLES S.R.L,1,2,0,,2016-07-03 19:34:44,,,,,AVDA. PERU234 C/ RIO DE JANEIRO,,,-,,215-040-4,,,,,,,,,,,80002679-9,,,,-,EF0,-,,ST_NEVER,,
760,EMBAJADE DEL BRASIL,1,2,0,,2016-07-03 19:34:44,,,,,MCAL.LOPEZ ESQ. PERU,,,-,,248-4114,,,,,,,,,,,CD105-3-211914,,,,-,EF0,-,,ST_NEVER,,
761,LILIANA RETTORI,1,2,0,,2016-07-03 19:34:44,,,,,YVYRA PYTA ESQ CONCEPCION 999,,,-,,553-199,,,,,,,,,,,991922-8,,,,-,EF0,-,,ST_NEVER,,
762,DEPELLE S.A,1,2,0,,2016-07-03 19:34:44,,,,,LEGUION CIVIL ESTRANJERA ESQ EULOGIO ESTGARRIBIA,,,-,,624-885,,,,,,,,,,,80067962-8,,,,-,EF0,-,,ST_NEVER,,
763,JULIO CESAR RAMIREZ MERELES,1,2,0,,2016-07-03 19:34:44,,,,,CNEL.ESCURRA148 E/MCAL.LOPEZ Y GUIDO SPANO,,,-,,,,,,,,,,,,,4179112-6,,,,-,EF0,-,,ST_NEVER,,
764,COLEG.NAC.EMD.DR.RAUL P.,1,2,0,,2016-07-03 19:34:44,,,,,POETAS PYOS.Y AUGUSTO R.BASTOS,,,-,,,,,,,,,,,,,80005190-4,,,,-,EF0,-,,ST_NEVER,,
765,EDGAR LISERA,1,2,0,,2016-07-03 19:34:44,,,,,,,,-,,,,,,,,,,,,,581851-6,,,,-,EF0,-,,ST_NEVER,,
766,PARANATEX TEXITIL PY S.A,1,2,0,,2016-07-03 19:34:44,,,,,E.AYALA3065 CASI NAZARETH,,,-,,660-725,,,,,,,,,,,80087064-6,,,,-,EF0,-,,ST_NEVER,,
767,APSA,1,2,0,,2016-07-03 19:34:44,,,,,YSAPY C/ARROYO LAMBARE 9015,,,-,,907-452/303-660/907-,,,,,,,,,,,80029151-4,,,,-,EF0,-,,ST_NEVER,,
768,RENOVA S.A,1,2,0,,2016-07-03 19:34:44,,,,,,,,-,,607-797,,,,,,,,,,,80020941-9,,,,-,EF0,-,,ST_NEVER,,
769,AIR NOSTRUM TECHNIC AMERICA S.A,1,2,0,,2016-07-03 19:34:44,,,,,,,,-,,,,,,,,,,,,,80089141-4,,,,-,EF0,-,,ST_NEVER,,
770,YOLANDA MUJICA,1,2,0,,2016-07-03 19:34:44,,,,,,,,-,,,,,,,,,,,,,385273-3,,,,-,EF0,-,,ST_NEVER,,
771,SUPERMERCADOS ESPAÃ?A S.A,1,2,0,,2016-07-03 19:34:44,,,,,AVDA.ESPAÃ?A 498 C/ BRASIL,,,-,,,,,,,,,,,,,80031987-7,,,,-,EF0,-,,ST_NEVER,,
772,PROMOFARMA S.A,1,2,0,,2016-07-04 17:50:46,clie004,,,,ALBERDI 1610 ENTRE 4TA Y 5TA,,,-,,390251/390569,390251,,promofarma@quanta.com.py,,,,,,,,80016352-4,0,,,-,,,,ST_NEVER,,
773,AVALON CASA DE BOLSAS S.A,1,2,0,,2016-07-03 19:34:44,,,,,RI18.PITIANTUTA C/CAP.NICOLAS BLINOSS,,,-,,225-052,,,,,,,,,,,80051943-4,,,,-,EF0,-,,ST_NEVER,,
774,FORTIN S.A,1,2,0,,2016-07-03 19:34:44,,,,,AVDA.BOGGIANI C/MAYOR E.VERA,,,-,,523-330,,,,,,,,,,,,,,,-,EF0,-,,ST_NEVER,,
775,MARLENE MEDINA,1,2,0,,2016-07-03 19:34:44,,,,,,,,-,,,,,,,,,,,,,3989525,,,,-,EF0,-,,ST_NEVER,,
776,RAUL PONGO,1,2,0,,2016-07-03 19:34:44,,,,,,,,-,,,,,,,,,,,,,2564966-3,,,,-,EF0,-,,ST_NEVER,,
777,FAO PARAGUAY,1,2,0,,2016-07-03 19:34:44,,,,,,,,-,,,,,,,,,,,,,OI362-3-275-15,,,,-,EF0,-,,ST_NEVER,,
778,DISTRIBUIDORA EL ARTE,1,2,0,,2016-07-03 19:34:44,,,,,SIMON BOLIVAR 942,,,-,,444-330,,,,,,,,,,,655253-6,,,,-,EF0,-,,ST_NEVER,,
779,PRESTIGIO DEL SUR,1,2,0,,2016-07-03 19:34:44,,,,,PARAPITI1654 ENT.4TA Y 5TA,,,-,,393-008,,,,,,,,,,,80020469-7,,,,-,EF0,-,,ST_NEVER,,
780,PARA CUANDO LA VIDA S.A,1,2,0,,2016-07-03 19:34:44,,,,,San MartÃ­n 1314 entre Dr. Migone y Ntra. Sra. del Carmen,,,-,,615579,,,,,,,,,,,80070668-4,,,,-,EF0,-,,ST_NEVER,,
781,EDITORIAL EL PAIS S.A,1,2,0,,2016-07-03 19:34:44,,,,,ANDRADE ESQ.DR.MORRA,,,-,,618-4150,,,,,,,,,,,80004242-5,,,,-,EF0,-,,ST_NEVER,,
782,TALISMAN,1,2,0,,2016-07-03 19:34:44,,,,,E.AYALA ESQ.PASAJE TEMBETARY,,,-,,4157000,,,,,,,,,,,80021636-9,,,,-,EF0,-,,ST_NEVER,,
783,ENTRELIBROS S.A.,1,2,0,,2016-07-03 19:34:44,,,,,,,,-,,621-551,,,,,,,,,,,,,,,-,EF0,-,,ST_NEVER,,
784,FERRE VENTAS,1,2,0,,2016-07-03 19:34:44,,,,,,,,-,,,,,,,,,,,,,80085077-1,,,,-,EF0,-,,ST_NEVER,,
785,EL ROCIO S.R.L. JARDIN,1,2,0,,2016-07-03 19:34:44,,,,,MAD.LYNCH Y JOSE PAPALARDO,,,-,,678-057,,,,,,,,,,,,,,,-,EF0,-,,ST_NEVER,,
786,LA FABRICA RESTO,1,2,0,,2016-07-03 19:34:44,,,,,,,,-,,200-550,,,,,,,,,,,3769899-0,,,,-,EF0,-,,ST_NEVER,,
787,COVEPA,1,2,0,,2016-07-03 19:34:44,,,,,M.LYNCH 293 C/MCAL.LOPEZ,,,-,,503-445,,,,,,,,,,,80031026-8,,,,-,EF0,-,,ST_NEVER,,
788,EMPRENDIMIENTOS CYR S.A,1,2,0,,2016-07-03 19:34:44,,,,,MCAL.LOPEZ Y B.CABALLERO,,,-,,0336-275697,,,,,,,,,,,80084771-7,,,,-,EF0,-,,ST_NEVER,,
789,VANESSA CODAS,1,2,0,,2016-07-03 19:34:44,,,,,VICE PTTE.SANCHEZ 941 C/T.S.MONGELOS,,,-,,214-836,,,,,,,,,,,2392396-2,,,,-,EF0,-,,ST_NEVER,,
790,ASIANA MOTORS,1,2,0,,2016-07-03 19:34:44,,,,,,,,-,,,,,,,,,,,,,,,,,-,EF0,-,,ST_NEVER,,
791,MUTTI MEAT,1,2,0,,2016-07-03 19:34:44,,,,,,,,-,,290-485,,,,,,,,,,,,,,,-,EF0,-,,ST_NEVER,,
792,TV ACCION S.A,1,2,0,,2016-07-03 19:34:44,,,,,ANDRADE 1499 ESQ. OHIGGINS,,,-,,618-4000,,,,,,,,,,,80012344-1,,,,-,EF0,-,,ST_NEVER,,
793,MUTTI S.R.L,1,2,0,,2016-07-03 19:34:44,,,,,,,,-,,291-727,,,,,,,,,,,80039253-1,,,,-,EF0,-,,ST_NEVER,,
794,TEVE DOS S.A,1,2,0,,2016-07-03 19:34:44,,,,,AVDA GRAL SANTOS,,,-,,220-905,,,,,,,,,,,80021098-0,,,,-,EF0,-,,ST_NEVER,,
795,COMPAÃ?IA DISTRIBUIDORA INTERNACIONAL S.A.,1,2,0,,2016-07-03 19:34:44,,,,,AVDA. MADAME LYMCH 768 C/ GRAL CABALLERO,,,-,,521-478,,,,,,,,,,,80018488-2,,,,-,EF0,-,,ST_NEVER,,
796,BANCO CONTINENTAL S.A.E.C.A.,1,2,0,,2016-07-03 19:34:44,,,,,ESTRELLA C/ 15 DE AGOSTO,,,-,,,,,,,,,,,,,80019270-2,,,,-,EF0,-,,ST_NEVER,,
797,IMAN S.A.,1,2,0,,2016-07-03 19:34:44,,,,,,,,-,,,,,,,,,,,,,80024787-6,,,,-,EF0,-,,ST_NEVER,,
798,ADRA PARAGUAY,1,2,0,,2016-07-03 19:34:44,,,,,DE LAS RESID. NÂº 1150 ESQ. PADRE CARDOZO,,,-,,450-232,,,,,,,,,,,80024811-2,,,,-,EF0,-,,ST_NEVER,,
799,C & S,1,2,0,,2016-07-03 19:34:44,,,,,FACUNDO MACHAIN C/ MIGUEL DUARTE,,,-,,524-664,,,,,,,,,,,458279-9,,,,-,EF0,-,,ST_NEVER,,
800,PARANA FUNCIONAL S.A.C.T.I,1,2,0,,2016-07-03 19:34:44,,,,,ANTEQUERA 661,,,-,,443-150-453-719,,,,,,,,,,,80008038-6,,,,-,EF0,-,,ST_NEVER,,
801,DESPENSA SNOOPY,1,2,0,,2016-07-03 19:34:44,,,,,1Âº DE NOVIEMBRE 495 C/ 14 D EJUNIO,,,-,,,,,,,,,,,,,328399-7,,,,-,EF0,-,,ST_NEVER,,
802,FARMA AHORRO,1,2,0,,2016-07-03 19:34:44,,,,,CERRO CORA 660 C/ ANTEQUERA,,,-,,447398,,,,,,,,,,,80060926-3,,,,-,EF0,-,,ST_NEVER,,
803,SALON UNISEX DAVID,1,2,0,,2016-07-03 19:34:44,,,,,ROMA 859 C/ MONTEVIDEO,,,-,,0983-751391,,,,,,,,,,,1043632-4,,,,-,EF0,-,,ST_NEVER,,
804,AUTOSERVICE 77,1,2,0,,2016-07-03 19:34:44,,,,,AVDA.5TA Y AYOLAS,,,-,,,,,,,,,,,,,2987588-6,,,,-,EF0,-,,ST_NEVER,,
805,CESS TEL PELUQUERIA,1,2,0,,2016-07-03 19:34:44,,,,,TACUARY 591 C/AZARA+,,,-,,448-303,,,,,,,,,,,1075472-5,,,,-,EF0,-,,ST_NEVER,,
806,PELUQUERIA STAR SPRAY,1,2,0,,2016-07-03 19:34:44,,,,,COLON C/PIRIBEBUY,,,-,,,,,,,,,,,,,4217360-4,,,,-,EF0,-,,ST_NEVER,,
807,CORTE SUPREMA DE JUSTICIA,1,2,0,,2016-07-03 19:34:44,,,,,ALONSO Y TESTANOVA,,,-,,423-861 / 424-460,,,,,,,,,,,80005191-2,,,,-,EF0,-,,ST_NEVER,,
808,SERVIMEX S.A.C.I.,1,2,0,,2016-07-03 19:34:44,,,,,Avda. FÃ©lix Bogado 2435,,,-,,311282,,,,,,,,,,,80025602-6,,,,-,EF0,-,,ST_NEVER,,
809,CUSPIDE -ONG,1,2,0,,2016-07-03 19:34:44,,,,,DE LAS RESIDENTAS NÂº 1.443,,,-,,,,,,,,,,,,,80049447-4,,,,-,EF0,-,,ST_NEVER,,
810,MSP Y BS INSTITUTO DE MEDICINA TROPICAL,1,2,0,,2016-07-03 19:34:44,,,,,VENEZUELAY FLORIDA,,,-,,292 463,,,,,,,,,,,80000905-3,,,,-,EF0,-,,ST_NEVER,,
811,MINISTERIO DE LA DEFENSA PUBLICA,1,2,0,,2016-07-03 19:34:44,,,,,AVDA. ARTIGAS 2136,,,-,,424 303-292-212,,,,,,,,,,,80070094-5,,,,-,EF0,-,,ST_NEVER,,
812,FACULTAD DE CIENCIAS QUIMICAS - U.N.A.,1,2,0,,2016-07-03 19:34:44,,,,,CAMPUS SAN LORENZO,,,-,,585-562/3,,,,,,,,,,,80010887-6,,,,-,EF0,-,,ST_NEVER,,
813,ORQUESTA SINFÃ?NICA NACIONAL,1,2,0,,2016-07-03 19:34:44,,,,,TTE.CORONEL EUGENIO AYA VELAZQUEZ N 376 ESQ CAP VICTOR MANUEL BRIZUELA,,,-,,220-328,,,,,,,,,,,80033466-3,,,,-,EF0,-,,ST_NEVER,,
814,LA QUIMICA FARMACEUTICA,1,2,0,,2016-07-03 19:34:44,,,,,AVDA.VENEZUELA 740,,,-,,222-391,,,,,,,,,,,80002423-0,,,,-,EF0,-,,ST_NEVER,,
815,ITAIPU BINACIONAL,1,2,0,,2016-07-03 19:34:44,,,,,DE LA RESIDENTA 1075 1ER PISO,,,-,,248 187,,,,,,,,,,,80013737-0,,,,-,EF0,-,,ST_NEVER,,
816,INSTITUTO DE PREVISION SOCIAL,1,2,0,,2016-07-03 19:34:44,,,,,CONSTITUCION Y HERRERA,,,-,,0002538/3,,,,,,,,,,,80002269-6,,,,-,EF0,-,,ST_NEVER,,
817,MINISTERIO DE SALUD PUBLICA Y BIENESTAR SOCIAL,1,2,0,,2016-07-03 19:34:44,,,,,BRAZIL Y PETTIROSI,,,-,,204 601,,,,,,,,,,,80000905-3,,,,-,EF0,-,,ST_NEVER,,
818,MSP Y BS HOSPITAL DIST. DE Ã?EMBY,1,2,0,,2016-07-03 19:34:44,,,,,DEFENSORES E/ YTORORO Y TTE.RIV,,,-,,960 502,,,,,,,,,,,80000905-3,,,,-,EF0,-,,ST_NEVER,,
819,MSP Y BS-SENEPA,1,2,0,,2016-07-03 19:34:44,,,,,VICTOR HAEDO C/COLÃ?N,,,-,,498 267,,,,,,,,,,,80000905-3,,,,-,EF0,-,,ST_NEVER,,
820,O.T.R. IMPORT S.A.C.I.,1,2,0,,2016-07-03 19:34:44,,,,,11 DE SETIEMBRE NÂº 839 Y CARIOS,,,-,,303 030 300 322,,,,,,,,,,,80019397-0,,,,-,EF0,-,,ST_NEVER,,
821,INMOBILIARIA DEL ESTE S.A,1,2,0,,2016-07-03 19:34:44,,,,,HUMAITÃ? NÂº 222,,,-,,449 900,,,,,,,,,,,80001607-6,,,,-,EF0,-,,ST_NEVER,,
822,MSP Y BS CENTRO NAC.DE SERVICIOS DE SANGRE,1,2,0,,2016-07-03 19:34:44,,,,,GRAL SANTOS Y HERMINIO GIMÃ?NEZ,,,-,,204 668,,,,,,,,,,,80000905-3,,,,-,EF0,-,,ST_NEVER,,
823,A NOVO PARAGUAY S.A,1,2,0,,2016-07-04 17:43:44,,,,,AVDA RCA. ARGENTINA 183 C/MCAL LÃ?PEZ,,,-,,665062,,www.a-novo.com.py/,,,,,,,,,80022851- 0,0,,,-,,,PL_HIGH,ST_DONE,,
824,PROTEK S.R.L,1,2,0,,2016-07-03 19:34:44,,,,,AVDA AVIADORES DEL CHACO 2917 C/ MOLAZ LOPEZ,,,-,,620 4000,,,,,,,,,,,80013311-0,,,,-,EF0,-,,ST_NEVER,,
825,MONITAL S.R.L,1,2,0,,2016-07-03 19:34:44,,,,,AVDA AVIADORES DEL CHACO 2917 C/MOLAZ LOPEZ,,,-,,620 4000,,,,,,,,,,,80008811-5,,,,-,EF0,-,,ST_NEVER,,
826,MASIVA S.A,1,2,0,,2016-07-03 19:34:44,,,,,MCAL LOPEZ 4693 C/NICANOR TORALES,,,-,,620-4000,,,,,,,,,,,80021198-7,,,,-,EF0,-,,ST_NEVER,,
827,FACULTAD DE ARQUITECTURA,1,2,0,,2016-07-03 19:34:44,,,,,CAMPUS UNIVERSITARIO,,,-,,585 558,,,,,,,,,,,80001736-G,,,,-,EF0,-,,ST_NEVER,,
828,CIRCUNSCRIPCIÃ?N JUDICIAL DE CANINDEYÃ?,1,2,0,,2016-07-03 19:34:44,,,,,RICARDO MENDEZ E/CARLOS ANTONIO LÃ?PEZ,,,-,,046 243 073,,,,,,,,,,,80005191-2,,,,-,EF0,-,,ST_NEVER,,
829,MIRKA BACIGALUPI,1,2,0,,2016-07-03 19:34:44,,,,,AVDA FELIX BOGADO 2435,,,-,,311 282,,,,,,,,,,,1071081-7,,,,-,EF0,-,,ST_NEVER,,
830,FENIX TRADING COMPANY S.A,1,2,0,,2016-07-03 19:34:44,,,,,RCA ARGENTINA 183 C/MCAL LOPEZ,,,-,,665-062,,,,,,,,,,,80050363-5,,,,-,EF0,-,,ST_NEVER,,
831,CSJ.CIRCUNS.JUDICIAL DE CAAZAPA,1,2,0,,2016-07-03 19:34:44,,,,,P.JOSE DE JESÃ?S AGUIRRE Y DR. PEDRO N. CIANCIO,,,-,,0542 232 641-2,,,,,,,,,,,80005191-2,,,,-,EF0,-,,ST_NEVER,,
832,MINISTERIO DE INDUSTRIA Y COMERCIO,1,2,0,,2016-07-03 19:34:44,,,,,AVDA MCAL LOPEZ NÂº 3.333,,,-,,616 3194,,,,,,,,,,,80009022-5,,,,-,EF0,-,,ST_NEVER,,
833,SECRETARIA NACIONAL ANTICORRUPCION,1,2,0,,2016-07-03 19:34:44,,,,,PARAGUAYO INDEPENDIENTE ESQ.15 DE AGOSTO,,,-,,450 001,,,,,,,,,,,80080881-9,,,,-,EF0,-,,ST_NEVER,,
834,ASOC.DE JOVENES EMPRESARIOS DEL PY-AJE,1,2,0,,2016-07-03 19:34:44,,,,,AVDA. MCAL LOPEZ 2740 C/ TTE. CAMPERCHOLI,,,-,,326-5986,,,,,,,,,,,80066919-3,,,,-,EF0,-,,ST_NEVER,,
835,CSJ.CIRCUNS.JUDICIAL DE AMAMBAY,1,2,0,,2016-07-03 19:34:44,,,,,ALEJO GARCIA ESQ CERRO LEÃ?N,,,-,,33627449,,,,,,,,,,,80005191-2,,,,-,EF0,-,,ST_NEVER,,
836,UNIVERSIDAD DEL NORTE,1,2,0,,2016-07-03 19:34:44,,,,,EspaÃ±a NÂº 676 c/ BoquerÃ³n,,,-,,229-450/3,,,,,,,,,,,80028568-9,,,,-,EF0,-,,ST_NEVER,,
837,SEPRELAD,1,2,0,,2016-07-03 19:34:44,,,,,AVDA.FEDERACIÃ?N RUSA Y CABO 1Âº MARECOS,,,-,,600-435,,,,,,,,,,,80020961-3,,,,-,EF0,-,,ST_NEVER,,
838,UNIV CATOLICA NTRA SRA DE LA ASUNCION,1,2,0,,2016-07-03 19:34:44,,,,,IND NACIONAL Y COMUNEROS,,,-,,451-194- 331-274,,,,,,,,,,,80021764-0,,,,-,EF0,-,,ST_NEVER,,
839,CORTE SUPREMA DE JUSTICIA-VI C.J.DE A. P.,1,2,0,,2016-07-03 19:34:44,,,,,AVDA BERNARDINO CABALLERO NÂº 701 E/CERRO LEON,,,-,,061 513-978,,,,,,,,,,,80005191-2,,,,-,EF0,-,,ST_NEVER,,
840,INVESA S.A.,1,2,0,,2016-07-03 19:34:44,,,,,MCAL LOPEZ 2740 C/TTE IRALA CAMPERCHOLI,,,-,,(021) 677-131,,,,,,,,,,,80060529-2,,,,-,EF0,-,,ST_NEVER,,
841,SECRETARIA DE ACCION SOCIAL,1,2,0,,2016-07-03 19:34:44,,,,,"AVDA.M,CAL LOPEZ C/CNELPAMPLIEGA",,,-,,,,,,,,,,,,,80015275-1,,,,-,EF0,-,,ST_NEVER,,
842,PROFESSIONAL CHOICE S.R.L.,1,2,0,,2016-07-03 19:34:44,,,,,MCAL. LOPEZ NÂº 2740 C/ TTE. IRALA CAMPERCHOLI,,,-,,,,,,,,,,,,,80087400-5,,,,-,EF0,-,,ST_NEVER,,
843,PETROLEOS PARAGUAYOS(PETROPAR),1,2,0,,2016-07-03 19:34:44,,,,,CHILE 753,,,-,,,,,,,,,,,,,80002675-6,,,,-,EF0,-,,ST_NEVER,,
844,AYALA FUMIGACIONES,1,2,0,,2016-07-03 19:34:44,,,,,Zabala Cue 336,,,-,,527-909,,,,,,,,,,,2360140-0,,,,-,EF0,-,,ST_NEVER,,
845,MINISTERIO PUBLICO,1,2,0,,2016-07-03 19:34:44,,,,,CHILE Y JEJUI,,,-,,415-6000,,,,,,,,,,,80007821-7,,,,-,EF0,-,,ST_NEVER,,
846,H.CAMARA DE DIPUTADOS DE LA NACION,1,2,0,,2016-07-03 19:34:44,,,,,AVDA.REPUBLICA ESQ.15 DE AGOSTO,,,-,,,,,,,,,,,,,80005753-8,,,,-,EF0,-,,ST_NEVER,,
847,CORTE SUPREMA DE JUSTICIA-CJ.Ã?EEMBUCU,1,2,0,,2016-07-03 19:34:44,,,,,PILADE VALORIANI E/CP.ZAMPHIROPOLOS,,,-,,,,,,,,,,,,,80005191-2,,,,-,EF0,-,,ST_NEVER,,
848,SECRETARIA NAC.DE DEPORTES,1,2,0,,2016-07-03 19:34:44,,,,,AVDA.E.AYALA KM 4 1/2,,,-,,,,,,,,,,,,,800398382-6,,,,-,EF0,-,,ST_NEVER,,
849,TRIBUNAL SUPERIOR DE JUSTICIA ELECTORAL,1,2,0,,2016-07-03 19:34:44,,,,,AVDA. E.AYALA 2759 E/STA.CRUZ DE LA SIERRA,,,-,,618-0518,,,,,,,,,,,80011609-7,,,,-,EF0,-,,ST_NEVER,,
850,GREEN GOLD S.A,1,2,0,,2016-07-03 19:34:44,,,,,HERNANDARIAS 1113,,,-,,,,,,,,,,,,,80067756-0,,,,-,EF0,-,,ST_NEVER,,
851,DIRECCION NACIONAL DE AERONAUTICA CIVIL,1,2,0,,2016-07-03 19:34:44,,,,,AVDA MCAL. LOPEZ Y 22 DE SEPTIEMBRE,,,-,,,,,,,,,,,,,8000423-0,,,,-,EF0,-,,ST_NEVER,,
852,MINISTERIO DE JUSTICIA,1,2,0,,2016-07-03 19:34:44,,,,,AVDA RODRIGUEZ DE FRANCIA ESQ. ESTADOS UNIDOS,,,-,,447-010,,,,,,,,,,,80001403-4,,,,-,EF0,-,,ST_NEVER,,
853,TACUARA S.A.C.I.,1,2,0,,2016-07-03 19:34:44,,,,,CARRETERA DE LOPEZ E/ SAN ISIDRO,,,-,,908284,,,,,,,,,,,800319212-5,,,,-,EF0,-,,ST_NEVER,,
854,YPUCU S.A.,1,2,0,,2016-07-03 19:34:44,,,,,VALDERRAMA Nº 235,,,-,,NULL,,,,,,,,,,,80047233-0,,,,-,EF0,-,,ST_NEVER,,
855,MONICA RIOS,1,2,0,,2016-07-03 19:34:44,,,,,Capiata km 17 Ruta 1,,,-,,,,,,,,,,,,,6233121-3,,,,-,EF0,-,,ST_NEVER,,
856,DESPENSA SOFIA BELEN,1,2,0,,2016-07-03 19:34:44,,,,,Capiata km 17 ruta 1,,,-,,,,,,,,,,,,,3234341-8,,,,-,EF0,-,,ST_NEVER,,
857,CELIA PEREZ,1,2,0,,2016-07-03 19:34:44,,,,,,,,-,,,,,,,,,,,,,63703,,,,-,EF0,-,,ST_NEVER,,
858,HUGO DOS SANTOS,1,2,0,,2016-07-03 19:34:44,,,,,AVD.5TA 425,,,-,,371-497,,,,,,,,,,,508655-8,,,,-,EF0,-,,ST_NEVER,,
859,EMMA CENTURION,1,2,1,,2016-07-05 11:32:24,,PROV001,,,,,,Paraguay,PY,421731,,,,,,,,,,,122084,0,,,-,,,,ST_NEVER,,
860,DICOPAR S.R.L,1,2,0,,2016-07-03 19:34:44,,,,,CADETE CARLOS SISA NÂº 1261,,,-,,370 357,,,,,,,,,,,80017208-6,,,,-,EF0,-,,ST_NEVER,,
861,DISTRIMAT,1,2,0,,2016-07-03 19:34:44,,,,,"KM 14,5 RUTA 1",,,-,,,,,,,,,,,,,793199-9,,,,-,EF0,-,,ST_NEVER,,
862,HOSPICENTER S.A,1,2,0,,2016-07-03 19:34:44,,,,,,,,-,,,,,,,,,,,,,80026015-5,,,,-,EF0,-,,ST_NEVER,,
863,FUNDACION KUÃ?AÂ´ATY,1,2,0,,2016-07-03 19:34:44,,,,,Celsa Speratti 3865c/cap caÃ±iza,,,-,,021.208641,,,,,,,,,,,80008360-1,,,,-,EF0,-,,ST_NEVER,,
864,GOL NEUMATICO S.A,1,2,0,,2016-07-03 19:34:44,,,,,AVDA MCAL LOPEZ E/CURVA DE LA MUERTE,,,-,,021.676120,,,,,,,,,,,80031509-0,,,,-,EF0,-,,ST_NEVER,,
865,ARTEMAC S.A,1,2,0,,2016-07-03 19:34:44,,,,,Tte Hector vera 2856 entre Dr Bernardino caballero,,,-,,21660984,,,,,,,,,,,80022219-9,,,,-,EF0,-,,ST_NEVER,,
866,INDUSTRIA DE ESPUMA LA ASUNCENA S.A,1,2,0,,2016-07-03 19:34:44,,,,,Dr Andres Barbero 123 C/ Ruta Mcal Estigarribia,,,-,,021.504501,,,,,,,,,,,80005007-0,,,,-,EF0,-,,ST_NEVER,,
867,JUAN JOSE SANTACRUZ,1,2,0,,2016-07-03 19:34:44,,,,,OLVALDOKAELLSEN 1779 ESQ/PANAMBIRETA,,,-,,021.557897,,,,,,,,,,,3497662-0,,,,-,EF0,-,,ST_NEVER,,
868,NORMA LURASCHI,1,2,0,,2016-07-03 19:34:44,,,,,10 DE AGOSTO 683,,,-,,,,,,,,,,,,,996189-5,,,,-,EF0,-,,ST_NEVER,,
869,RIOS REPUESTOS S.A,1,2,0,,2016-07-04 19:48:15,,,,,AVDA EUSEBIO AYALA 4840 C/ BOGGIANI,,,-,,021511296,,www.rgsa.com.py/,,,,,,,,,80014603-4,0,,,-,,,,ST_NEVER,,
870,FUNDACION COMUNITARIA CIRD,1,2,0,,2016-07-03 19:34:44,,,,,CAP.RUY DIAZ DE MELGAREJO 825C/HERNANDO DE RIVERA,,,-,,021.662024,,,,,,,,,,,80023167-8,,,,-,EF0,-,,ST_NEVER,,
871,SELLOS S.R.L,1,2,0,,2016-07-03 19:34:44,,,,,20 DE JULIO Y SGTO PENAYO,,,-,,021 577 140/ 576 768,,,,,,,,,,,80015550-5,,,,-,EF0,-,,ST_NEVER,,
872,ANDRE DEUTSCH,1,2,0,,2016-07-03 19:34:44,,,,,,,,-,,,,,,,,,,,,,2124931,,,,-,EF0,-,,ST_NEVER,,
873,ANDRES SALINAS,1,2,0,,2016-07-03 19:34:44,,,,,CAP APARICIO FIGARI NÂº 2752,,,-,,,,,,,,,,,,,582458-3,,,,-,EF0,-,,ST_NEVER,,
874,ESSAP S.A,1,2,0,,2016-07-03 19:34:44,,,,,JOSE BERGES 516,,,-,,225-001,,,,,,,,,,,80024191-6,,,,-,EF0,-,,ST_NEVER,,
875,MARIO REJALAGA,1,2,0,,2016-07-03 19:34:44,,,,,,,,-,,,,,,,,,,,,,,,,,-,EF0,-,,ST_NEVER,,
876,INSTITUTO DE PREVISION SOCIAL,1,2,0,,2016-07-03 19:34:44,,,,,PAI PEREZ Y PETTIROSSI,,,-,,,,,,,,,,,,,80002269-6,,,,-,EF0,-,,ST_NEVER,,
877,BETTO ELECTRICIDAD S.R.L,1,2,0,,2016-07-03 19:34:44,,,,,,,,-,,,,,,,,,,,,,80000685-2,,,,-,EF0,-,,ST_NEVER,,
878,CARLOS CESPEDES,1,2,0,,2016-07-03 19:34:44,,,,,GAUDIOSO NUÃ?ES 863,,,-,,,,,,,,,,,,,,,,,-,EF0,-,,ST_NEVER,,
879,JASSEN HOMMOS,1,2,0,,2016-07-03 19:34:44,,,,,5TA AVDA. C/ E.E.U.U. N 980,,,-,,370-250,,,,,,,,,,,4157967-4,,,,-,EF0,-,,ST_NEVER,,
880,AUTOSERVICE WALDI,1,2,0,,2016-07-03 19:34:44,,,,,SOLDADO OVELAR Y CERRO CORA,,,-,,,,,,,,,,,,,626735-1,,,,-,EF0,-,,ST_NEVER,,
881,FERRETERIA FERROMAQ S.R.L.,1,2,0,,2016-07-03 19:34:44,,,,,SOLDADO OVELAR Y NVA. ASUNCIÃ?N,,,-,,,,,,,,,,,,,80047299-3,,,,-,EF0,-,,ST_NEVER,,
882,FERRETERIA PIRAYU,1,2,0,,2016-07-03 19:34:44,,,,,SOLDADO OVELAR C/ CERRO CORA,,,-,,,,,,,,,,,,,1291986-1,,,,-,EF0,-,,ST_NEVER,,
883,AUTOSERVICE MIRIAN,1,2,0,,2016-07-03 19:34:44,,,,,11 DE SETIEMBRE 1960 C/ BOQUERON,,,-,,,,,,,,,,,,,613511-0,,,,-,EF0,-,,ST_NEVER,,
884,SUPERMERCADO NEW PARANA,1,2,0,,2016-07-03 19:34:44,,,,,SOLDADO OVELAR Y YATAYTY CORA,,,-,,,,,,,,,,,,,2897038-1,,,,-,EF0,-,,ST_NEVER,,
885,DESPENSA RAQUELITA,1,2,0,,2016-07-03 19:34:44,,,,,DR. PELLON C/ PERLA DEL SUR,,,-,,NULL,,,,,,,,,,,1057665-7,,,,-,EF0,-,,ST_NEVER,,
886,FERRETERIA EL REY,1,2,0,,2016-07-03 19:34:44,,,,,LEOPARDI C/ 11 DE SEPTIEMBRE,,,-,,NULL,,,,,,,,,,,2215993,,,,-,EF0,-,,ST_NEVER,,
887,FERRETERIA JVH S.R.L.,1,2,0,,2016-07-03 19:34:44,,,,,PITIANTUTA Y M. RIERA,,,-,,0981 106-887,,,,,,,,,,,80049684-1,,,,-,EF0,-,,ST_NEVER,,
888,FERRETERIA LOURDES,1,2,0,,2016-07-03 19:34:44,,,,,L.A. DEL PARANA 1148 C/ LAS RESIDENTAS,,,-,,512-442,,,,,,,,,,,419093-9,,,,-,EF0,-,,ST_NEVER,,
889,FERRETERIA NUEVO RUMBO,1,2,0,,2016-07-03 19:34:44,,,,,TTE. ETTIENE E/ RIO YHAGUY Y MILCIADES GIMENEZ,,,-,,NULL,,,,,,,,,,,2061385-7,,,,-,EF0,-,,ST_NEVER,,
890,FERRETERIA VICTORIA,1,2,0,,2016-07-03 19:34:44,,,,,DR. PELLON C/ VIRGILIO SOSA,,,-,,NULL,,,,,,,,,,,4659063-3,,,,-,EF0,-,,ST_NEVER,,
891,ESTACION BAHIA S.R.L,1,2,0,,2016-07-03 19:34:44,,,,,AVDA SACRAMENTO Y GENARO ROMERO,,,-,,021.284235,,,,,,,,,,,80016742-0,,,,-,EF0,-,,ST_NEVER,,
892,Ramona Paredes Vega,1,2,0,,2016-07-03 19:34:44,,,,,Dr. Paiva 2125 c/ Cdte. Gamarra,,,-,,,,,,,,,,,,,312233-6,,,,-,EF0,-,,ST_NEVER,,
893,GEMA S.A.,1,2,0,,2016-07-03 19:34:44,,,,,Mcal. LÃ³pez NÂº 4138 c/ Ceferino Vega,,,-,,664-777,,,,,,,,,,,80019695-3,,,,-,EF0,-,,ST_NEVER,,
894,COPIPUNTO S.A,1,2,0,,2016-07-03 19:34:44,,,,,MCAL. ESTIGARRIBIA 752,,,-,,615-141/3,,,,,,,,,,,80007682-6,,,,-,EF0,-,,ST_NEVER,,
895,MARISCAL LOPEZ SHOPPING,1,2,0,,2016-07-03 19:34:44,,,,,QUESADA 5050 C/CHARLES DE GAULLE,,,-,,611-272,,,,,,,,,,,80016680-9,,,,-,EF0,-,,ST_NEVER,,
896,ALL MOTORS S.A,1,2,0,,2016-07-03 19:34:44,,,,,MARISCAL LOPEZ CSI 33 DE OCTUBRE,,,-,,660300,,,,,,,,,,,80000157-5,,,,-,EF0,-,,ST_NEVER,,
897,MECOMPA S.A,1,2,0,,2016-07-03 19:34:44,,,,,MARISCAL LOPEZ,,,-,,600-624,,,,,,,,,,,80004221-2,,,,-,EF0,-,,ST_NEVER,,
898,COOPERATIVA UNIVERSITARIA,1,2,0,,2016-07-03 19:34:44,,,,,SAN MARTIN CSI ANDRADE,,,-,,617-0318,,,,,,,,,,,80000958-4,,,,-,EF0,-,,ST_NEVER,,
899,MARCIAL BARNI,1,2,0,,2016-07-03 19:34:44,,,,,MCAL LOPEZ 2749,,,-,,,,,,,,,,,,,572128-8,,,,-,EF0,-,,ST_NEVER,,
900,LEGUION DE LA BUENA VOLUNTAD,1,2,0,,2016-07-03 19:34:44,,,,,KUBICHE Y JOSE ASUNCION FLORES,,,-,,224545,,,,,,,,,,,80012712-9,,,,-,EF0,-,,ST_NEVER,,
901,GRUPO CORALES S.A.,1,2,0,,2016-07-03 19:34:44,,,,,QUINTA AVENIDA MEXICO CABRIZA,,,-,,392-078,,,,,,,,,,,80082282-0,,,,-,EF0,-,,ST_NEVER,,
902,VIVIANA CANTERO,1,2,0,,2016-07-03 19:34:44,,,,,,,,-,,,,,,,,,,,,,4730537-1,,,,-,EF0,-,,ST_NEVER,,
903,ARIANA ACSESORIO Y COMPAÃ?IA,1,2,0,,2016-07-03 19:34:44,,,,,sobre la avnida azara,,,-,,994569934,,,,,,,,,,,3671292-2,,,,-,EF0,-,,ST_NEVER,,
904,LAS HERMANAS,1,2,0,,2016-07-03 19:34:44,,,,,ARAUCANO Y GUARANIES,,,-,,,,,,,,,,,,,2064012-9,,,,-,EF0,-,,ST_NEVER,,
905,MITSUBISHI,1,2,0,,2016-07-03 19:34:44,,,,,EUSEBIO AYALA CS BOGIANI,,,-,,506-892,,,,,,,,,,,80017452-6,,,,-,EF0,-,,ST_NEVER,,
906,CREDI CENTRO,1,2,0,,2016-07-03 19:34:44,,,,,MEXICO C/ FULGENCIO R MORENO,,,-,,416-8000,,,,,,,,,,,80011000-5,,,,-,EF0,-,,ST_NEVER,,
907,VOUGAS ABOGADOS,1,2,0,,2016-07-03 19:34:44,,,,,JUAN DE SALAZAR 657 ESQ PROF RAMIREZ,,,-,,202-049,,,,,,,,,,,80087310-6,,,,-,EF0,-,,ST_NEVER,,
908,CARBE CENTER,1,2,0,,2016-07-03 19:34:44,,,,,MAYOR FLEITA,,,-,,99,,,,,,,,,,,34919622-7,,,,-,EF0,-,,ST_NEVER,,
909,AYC GROUP,1,2,0,,2016-07-03 19:34:44,,,,,LOMAS VALENTINAS,,,-,,200634,,,,,,,,,,,2389167-0,,,,-,EF0,-,,ST_NEVER,,
910,CARBE CENTER,1,2,0,,2016-07-03 19:34:44,,,,,MAYOR FLEITAS,,,-,,,,,,,,,,,,,3491962-7,,,,-,EF0,-,,ST_NEVER,,
911,AC AUTOPAR TS,1,2,0,,2016-07-03 19:34:44,,,,,proceres de mayo,,,-,,310088,,,,,,,,,,,80084677-0,,,,-,EF0,-,,ST_NEVER,,
912,OA IMPOR,1,2,0,,2016-07-03 19:34:44,,,,,PRESBITEROLEON ESQ CORONEL PATINO,,,-,,293-716,,,,,,,,,,,80019592-2,,,,-,EF0,-,,ST_NEVER,,
913,ZONA PROMOCIONAL,1,2,0,,2016-07-03 19:34:44,,,,,MAYOR FLEITAS,,,-,,207-748,,,,,,,,,,,1053642-6,,,,-,EF0,-,,ST_NEVER,,
914,UNIVERSIDAD SUDAMERICANA,1,2,0,,2016-07-03 19:34:44,,,,,CAPITAN ANDRES INSFRAN Y SANDRA ROSALIO,,,-,,645-202,,,,,,,,,,,80061655-3,,,,-,EF0,-,,ST_NEVER,,
915,SERVITODO,1,2,0,,2016-07-03 19:34:44,,,,,YATAYTY CORA ESQ TTE.ROJAS SILVAS,,,-,,502-394,,,,,,,,,,,2020608-9,,,,-,EF0,-,,ST_NEVER,,
916,CHISPAS S.A.,1,2,0,,2016-07-03 19:34:44,,,,,DOCTOR OSVALDO CHAVES 1988 CSI JOSERIVEROS,,,-,,553-271,,,,,,,,,,,80004090-2,,,,-,EF0,-,,ST_NEVER,,
917,NUEVO ORIZONTE,1,2,0,,2016-07-03 19:34:44,,,,,CHACO BOREAL ESQ RUIZ DIAZ DE GUZMAN,,,-,,900103,,,,,,,,,,,80021044-1,,,,-,EF0,-,,ST_NEVER,,
918,FARMACIA KANECO,1,2,0,,2016-07-03 19:34:44,,,,,DOCTOR GABRIEL ELLION Y FORTIN ARCE,,,-,,689-0900,,,,,,,,,,,80052579-5,,,,-,EF0,-,,ST_NEVER,,
919,CCPA,1,2,0,,2016-07-03 19:34:44,,,,,AVDA ESPAÃ?A 352 ASUNCION,,,-,,224831,,,,,,,,,,,8029062-3,,,,-,EF0,-,,ST_NEVER,,
920,ARTES Y GRAFICOS,1,2,0,,2016-07-03 19:34:44,,,,,ALEJANDRO RANIZZA C/VENCEDORES DEL CHACO,,,-,,902550,,,,,,,,,,,80004485-5,,,,-,EF0,-,,ST_NEVER,,
921,LA PREFERIDA,1,2,0,,2016-07-03 19:34:44,,,,,,,,-,,210-365,,,,,,,,,,,,,,,-,EF0,-,,ST_NEVER,,
922,IL CAPO,1,2,0,,2016-07-03 19:34:44,,,,,,,,-,,213022,,,,,,,,,,,,,,,-,EF0,-,,ST_NEVER,,
923,HACIENDA LA PALOMA,1,2,0,,2016-07-03 19:34:44,,,,,,,,-,,605111,,,,,,,,,,,,,,,-,EF0,-,,ST_NEVER,,
924,HOTEL BAVARIA,1,2,0,,2016-07-03 19:34:44,,,,,,,,-,,600966,,,,,,,,,,,,,,,-,EF0,-,,ST_NEVER,,
925,SHOPPING MULTIPLAZA,1,2,0,,2016-07-03 19:34:44,,,,,,,,-,,511005,,,,,,,,,,,,,,,-,EF0,-,,ST_NEVER,,
926,BANCOP S.A,1,2,0,,2016-07-03 19:34:44,,,,,MCAL LOPEZ 3811 ESQ.DR MORRA EDIF.MCAL CENTER 3 PISO,,,-,,021.3255000,,,,,,,,,,,80070946-2,,,,-,EF0,-,,ST_NEVER,,
927,ASOC.DEL COLEGIO INTERNACIONAL,1,2,0,,2016-07-03 19:34:44,,,,,RIO DE JANEIRO Y PADRE SAUBATTE,,,-,,200-675,,,,,,,,,,,80026943-8,,,,-,EF0,-,,ST_NEVER,,
928,LONDON IMPORT S.A,1,2,0,,2016-07-03 19:34:44,,,,,TEODORO S.MOGELOS 3373 C/KUBITSCHEK,,,-,,222-222,,,,,,,,,,,80014540-2,,,,-,EF0,-,,ST_NEVER,,
929,REDCOURT S.R.L.,1,2,0,,2016-07-03 19:34:44,,,,,Coronel Ayala Velazquez 660,,,-,,601708,,,,,,,,,,,80081727-3,,,,-,EF0,-,,ST_NEVER,,
930,COPETIN GOLOZOS,1,2,0,,2016-07-03 19:34:44,,,,,AVDA.5TA ENTRE NTRA.SRA.Y CHILE,,,-,,,,,,,,,,,,,701709-1,,,,-,EF0,-,,ST_NEVER,,
931,FERRE COLOR,1,2,0,,2016-07-03 19:34:44,,,,,AVDA. 5TA Y AYOLAS,,,-,,,,,,,,,,,,,1358350-6,,,,-,EF0,-,,ST_NEVER,,
932,DESPENSA SAN CRISPIN,1,2,0,,2016-07-03 19:34:44,,,,,4TA.PROYECTADA Y OÂ´leary,,,-,,,,,,,,,,,,,1039834-1,,,,-,EF0,-,,ST_NEVER,,
933,AUTORREPUESTOS RAC,1,2,0,,2016-07-03 19:34:44,,,,,AVDA. FELIX BOGADO C/4TA.PROYECTADA,,,-,,390-580,,,,,,,,,,,1927173-5,,,,-,EF0,-,,ST_NEVER,,
934,AUTORREPUESTOS SAN JORGE,1,2,0,,2016-07-03 19:34:44,,,,,AVDA. FELIX BOGADO E/5TA Y 4TA,,,-,,390-777,,,,,,,,,,,4670222-9,,,,-,EF0,-,,ST_NEVER,,
935,SEBASTIAN ARRON,1,2,0,,2016-07-03 19:34:44,,,,,AVDA.FELIX BOGADO552 C/5TA,,,-,,373-938,,,,,,,,,,,786536-8,,,,-,EF0,-,,ST_NEVER,,
936,M.BENZ CENTER,1,2,0,,2016-07-03 19:34:44,,,,,YGATYMI455 ENTRE ALBERDI Y 14MAYO,,,-,,494-304,,,,,,,,,,,1054421-6,,,,-,EF0,-,,ST_NEVER,,
937,AUTOSERVICE EL RODEO,1,2,0,,2016-07-03 19:34:44,,,,,EEUU Y 11PROYECTADA,,,-,,,,,,,,,,,,,2202420-4,,,,-,EF0,-,,ST_NEVER,,
938,DESPENSA Y COPETIN 18,1,2,0,,2016-07-03 19:34:44,,,,,ACA YOASA Y CNEL.RAMOS(ex brasil),,,-,,,,,,,,,,,,,502825-6,,,,-,EF0,-,,ST_NEVER,,
939,AUTOSERVICE PRESTIGIO,1,2,0,,2016-07-03 19:34:44,,,,,ACA YOASA Y CNEL.RAMOS(ex brasil),,,-,,,,,,,,,,,,,401151-1,,,,-,EF0,-,,ST_NEVER,,
940,NEW CARD,1,2,0,,2016-07-03 19:34:44,,,,,AVIADORES DEL CHACO Y S.MARTIN,,,-,,,,,,,,,,,,,4598005-5,,,,-,EF0,-,,ST_NEVER,,
941,FERETERIA PANORMA,1,2,0,,2016-07-03 19:34:44,,,,,RUTA TRANCHACO KM 12 1/2,,,-,,291-932,,,,,,,,,,,80058927-0,,,,-,EF0,-,,ST_NEVER,,
942,FERRETERIA PANORAMA,1,2,0,,2016-07-03 19:34:44,,,,,RUTA TRANCHACO KM 12 1/2,,,-,,291932,,,,,,,,,,,80058927-0,,,,-,EF0,-,,ST_NEVER,,
943,LOS ANGELES AUTORREPUESTOS,1,2,0,,2016-07-03 19:34:44,,,,,RUTA TRANSCHACO KM 11 1/5,,,-,,,,,,,,,,,,,3020455-0,,,,-,EF0,-,,ST_NEVER,,
944,QUINTA SANTA ROSA,1,2,0,,2016-07-03 19:34:44,,,,,AVIADORES DEL CHACO Y TTE.ROCHOLL,,,-,,,,,,,,,,,,,944051-8,,,,-,EF0,-,,ST_NEVER,,
945,MB RACING,1,2,0,,2016-07-03 19:34:44,,,,,COLON 2546 C/14 PROYECTADAS,,,-,,420-465,,,,,,,,,,,1501302-2,,,,-,EF0,-,,ST_NEVER,,
946,DESPENSA ISLA DE FRANCIA,1,2,0,,2016-07-03 19:34:44,,,,,AVIADORES DEL CHACO C/ISLA DE FRANCIA,,,-,,,,,,,,,,,,,514406-0,,,,-,EF0,-,,ST_NEVER,,
947,AUTOSERVICE BUEN AMIGO,1,2,0,,2016-07-03 19:34:44,,,,,BRASIL Y 16 PROYECTADA,,,-,,,,,,,,,,,,,767225-0,,,,-,EF0,-,,ST_NEVER,,
948,AUTOSERVICE YULI,1,2,0,,2016-07-03 19:34:44,,,,,YGATYMI ESQ.CHILE299,,,-,,,,,,,,,,,,,1834882-3,,,,-,EF0,-,,ST_NEVER,,
949,DESPENSA MARTHA,1,2,0,,2016-07-03 19:34:44,,,,,NTRA.SRA. Y 7MA.PROYECTADA,,,-,,,,,,,,,,,,,480714-6,,,,-,EF0,-,,ST_NEVER,,
950,FERRETERIA EL RUBIO,1,2,0,,2016-07-03 19:34:44,,,,,NTRA.SRA2067 ENTR.OCTAVA Y NOVENA,,,-,,370-784,,,,,,,,,,,250009-4,,,,-,EF0,-,,ST_NEVER,,
951,GLADYS ARRUA,1,2,0,,2016-07-03 19:34:44,,,,,AVDA ARTIGAS 3316 C/LOMBARDO,,,-,,281 579,,,,,,,,,,,691169-2,,,,-,EF0,-,,ST_NEVER,,
952,INTERMEIL S.R.L,1,2,0,,2016-07-03 19:34:44,,,,,CHARLES DE GAULLE 1883 C/M DOMINGUEZ,,,-,,664 204/5,,,,,,,,,,,80012640-8,,,,-,EF0,-,,ST_NEVER,,
953,CLINICA VETERINARIA MEDICANS,1,2,0,,2016-07-03 19:34:44,,,,,PROCERES DE MAYO 808ESQ DEBASTIAN EL CANO,,,-,,208-358,,,,,,,,,,,3973129-4,,,,-,EF0,-,,ST_NEVER,,
954,PETER EULERICH,1,2,0,,2016-07-03 19:34:44,,,,,Presidente franco esq. Independencia Nacional,,,-,,492021,,,,,,,,,,,428479,,,,-,EF0,-,,ST_NEVER,,
955,FRANCISCO MORALES,1,2,0,,2016-07-03 19:34:44,,,,,GRAL DIAZ E/15 DE AGOSTO Y OLEARI,,,-,,,,,,,,,,,,,2493231-0,,,,-,EF0,-,,ST_NEVER,,
956,REDCOURT SRL,1,2,0,,2016-07-03 19:34:44,,,,,CORONEL AYALA 660 C/ SIRIA,,,-,,601-708,,,,,,,,,,,80081727-3,,,,-,EF0,-,,ST_NEVER,,
957,COSMOPOLITAN CLUB S.A,1,2,0,,2016-07-03 19:34:44,,,,,AVDA. 5TA ESQ.BERNARDINO CABALLERO,,,-,,373-908,,,,,,,,,,,80019543-4,,,,-,EF0,-,,ST_NEVER,,
958,ISIS BENITEZ,1,2,0,,2016-07-03 19:34:44,,,,,AVDA. PROCERES DE MAYO 808 ESQ. SEBASTIAN EL CANO,,,-,,201-920,,,,,,,,,,,3973129-4,,,,-,EF0,-,,ST_NEVER,,
959,NATALIA GUGIARI,1,2,0,,2016-07-03 19:34:44,,,,,SAN FRANCISCO 649 C/ SIRIA,,,-,,,,,,,,,,,,,299151-7,,,,-,EF0,-,,ST_NEVER,,
960,BERNARDINO RAMOS RODRIGUEZ,1,2,0,,2016-07-03 19:34:44,,,,,TTE BOLENO 615 Y AVDA MONTANARO,,,-,,513-049,,,,,,,,,,,2614100,,,,-,EF0,-,,ST_NEVER,,
961,FERRETERIA MIA,1,2,0,,2016-07-03 19:34:44,,,,,AVDA SAN ISIDRO C/ SAN IGNACIO,,,-,,920-395,,,,,,,,,,,1065934-0,,,,-,EF0,-,,ST_NEVER,,
962,AUTOSERVICE NELSON,1,2,0,,2016-07-03 19:34:44,,,,,CARRETERA DE LOPEZ,,,-,,903-802,,,,,,,,,,,1088549-8,,,,-,EF0,-,,ST_NEVER,,
963,AUTOSERVICE CARLITOS,1,2,0,,2016-07-03 19:34:44,,,,,CARRETERA DE LOPEZ E/ AMANECER,,,-,,905-051,,,,,,,,,,,1195010-2,,,,-,EF0,-,,ST_NEVER,,
964,AUTOSERVICE LA ROCA,1,2,0,,2016-07-03 19:34:44,,,,,ACUÃ?A DE FIGUEROA 340 ESQ/YEGROS,,,-,,,,,,,,,,,,,4213615-6,,,,-,EF0,-,,ST_NEVER,,
965,FERRETERIA CASA RICCIARDI,1,2,0,,2016-07-03 19:34:44,,,,,AVDA FELIX BOGADO ESQ. CAPITAN BADO,,,-,,334-567,,,,,,,,,,,80060229-3,,,,-,EF0,-,,ST_NEVER,,
966,FERRETERIA 2RS,1,2,0,,2016-07-03 19:34:44,,,,,DEFENSORES DEL CHACO C/ SAN MIGUEL,,,-,,,,,,,,,,,,,942696-5,,,,-,EF0,-,,ST_NEVER,,
967,FERRETERIA VICTORIA,1,2,0,,2016-07-03 19:34:44,,,,,FELIZ BOGADO 2106,,,-,,302-874,,,,,,,,,,,491326-4,,,,-,EF0,-,,ST_NEVER,,
968,FERRETERIA VIOLA,1,2,0,,2016-07-03 19:34:44,,,,,PEDRO JUAN CABALLERO C/ JEJUI,,,-,,,,,,,,,,,,,2313785-1,,,,-,EF0,-,,ST_NEVER,,
969,FERRETERIA FERRETEM S.A,1,2,0,,2016-07-03 19:34:44,,,,,AVDA FELIX BOGADO Y LAS PALMAS,,,-,,300-679,,,,,,,,,,,80091669-7,,,,-,EF0,-,,ST_NEVER,,
970,FERRELUZ S.R.L,1,2,0,,2016-07-03 19:34:44,,,,,LAS PALMAS Y BRUNO GUGGIARI,,,-,,334-672,,,,,,,,,,,80087634-2,,,,-,EF0,-,,ST_NEVER,,
971,FERRETERIA EL AMIGO,1,2,0,,2016-07-03 19:34:44,,,,,PEDRO JUAN CABALLERO 903 C/LAGO YPACARAI,,,-,,909-909,,,,,,,,,,,447236-5,,,,-,EF0,-,,ST_NEVER,,
972,FERRETERIA DAVID,1,2,0,,2016-07-03 19:34:44,,,,,PIRIZAL ESQ. NAZARENO 1879,,,-,,,,,,,,,,,,,932951-0,,,,-,EF0,-,,ST_NEVER,,
973,AUTOSERVICE LA ROSADA,1,2,0,,2016-07-03 19:34:44,,,,,ANDRES GELLY Y ACUÃ?A DE FIGUEROA,,,-,,940-725,,,,,,,,,,,483971-4,,,,-,EF0,-,,ST_NEVER,,
974,FERRETERIA ESTEBAN,1,2,0,,2016-07-03 19:34:44,,,,,AVDA DEFENSORES DEL CHACO C/ TAPE TUJA,,,-,,,,,,,,,,,,,3212438-4,,,,-,EF0,-,,ST_NEVER,,
975,FERRETERIA TONY,1,2,0,,2016-07-03 19:34:44,,,,,AVDA DEFENSORES DEL CHACO C/ YPACARAI,,,-,,944-281,,,,,,,,,,,870556-9,,,,-,EF0,-,,ST_NEVER,,
976,FERRETERIA ALFA Y OMEGA,1,2,0,,2016-07-03 19:34:44,,,,,DEFENSORES DEL CHACO,,,-,,940-067,,,,,,,,,,,3007726-5,,,,-,EF0,-,,ST_NEVER,,
977,FERRETERIA INTERNACIONAL,1,2,0,,2016-07-03 19:34:44,,,,,DEFENSORES DEL CHACO 2078,,,-,,500-646,,,,,,,,,,,80086990-7,,,,-,EF0,-,,ST_NEVER,,
978,FERRETERIA LA VILLETANA,1,2,0,,2016-07-03 19:34:44,,,,,AVDA DEFENSORES DEL CHACO 2111,,,-,,505-360,,,,,,,,,,,656245-0,,,,-,EF0,-,,ST_NEVER,,
979,FERRETERIA PETRONA,1,2,0,,2016-07-03 19:34:44,,,,,CASIQUE LAMBARE ESQ. CRISTOBAL COLON 4267,,,-,,921-424,,,,,,,,,,,619310-2,,,,-,EF0,-,,ST_NEVER,,
980,FERRETERIA T.H,1,2,0,,2016-07-03 19:34:44,,,,,AUGUSTO ROA BASTO C/ ASUNCION 2018,,,-,,,,,,,,,,,,,3178093-8,,,,-,EF0,-,,ST_NEVER,,
981,FERRETERIA FERREFRAN,1,2,0,,2016-07-03 19:34:44,,,,,AVDA SAN ISIDRO ESQ. GOMEZ SERRATO,,,-,,,,,,,,,,,,,4484781-5,,,,-,EF0,-,,ST_NEVER,,
982,FERRETERIA Ã?A BEBA,1,2,0,,2016-07-03 19:34:44,,,,,DEFENSORES DEL CHACO Y TTE BOTTANA,,,-,,504-893,,,,,,,,,,,189574-7,,,,-,EF0,-,,ST_NEVER,,
983,OPS-OMS-PARAGUAY,1,2,0,,2016-07-03 19:34:44,,,,,,,,-,,450-495 int.46820,,,,,,,,,,,,,,,-,EF0,-,,ST_NEVER,,
984,AUTOSERVICE 18,1,2,0,,2016-07-03 19:34:44,,,,,MORELOS Y 18 PROYECTADAS,,,-,,,,,,,,,,,,,2571731-6,,,,-,EF0,-,,ST_NEVER,,
985,GUSCARMAT FERRETERIA,1,2,0,,2016-07-03 19:34:44,,,,,BRUNO GUGGIARI E/ SAN RAFAEL,,,-,,,,,,,,,,,,,3886791-5,,,,-,EF0,-,,ST_NEVER,,
986,FERRETERIA HYC,1,2,0,,2016-07-03 19:34:44,,,,,CERRO CORA ESQ. ANTEQUERA,,,-,,,,,,,,,,,,,2984207-7,,,,-,EF0,-,,ST_NEVER,,
987,ALDERETE VELAZQUEZ S.R.L.,1,2,0,,2016-07-03 19:34:44,,,,,1RO DE MARZO Y ALFONZO CAMPOS,,,-,,,,,,,,,,,,,80009405-0,,,,-,EF0,-,,ST_NEVER,,
988,LUGANO MO S.A.,1,2,0,,2016-07-03 19:34:44,,,,,PDTE. FRANCO C/ IND. NAC.,,,-,,,,,,,,,,,,,80048596-3,,,,-,EF0,-,,ST_NEVER,,
989,GUSTAVO BENITEZ,1,2,0,,2016-07-03 19:34:44,,,,,AYOLAS E/ GRAL. DIAZ Y HAEDO,,,-,,,,,,,,,,,,,3524370-8,,,,-,EF0,-,,ST_NEVER,,
990,FARMA PITTA,1,2,0,,2016-07-03 19:34:44,,,,,1RO DE MARZO ESQ. SILVIO PETTIROSSI,,,-,,909-120,,,,,,,,,,,922408-4,,,,-,EF0,-,,ST_NEVER,,
991,MARIA GENARA SANTANDER,1,2,0,,2016-07-03 19:34:44,,,,,PERON ESQ. CADETE PARQUET,,,-,,,,,,,,,,,,,1344657-6,,,,-,EF0,-,,ST_NEVER,,
992,FERNANDO BENITEZ,1,2,0,,2016-07-03 19:34:44,,,,,PATRICIO ESCOBAR C/ CACIQUE LAMBARE,,,-,,,,,,,,,,,,,3397481-0,,,,-,EF0,-,,ST_NEVER,,
993,VICKY CUAFER,1,2,0,,2016-07-03 19:34:44,,,,,GRAL. DIAZ E/ O'LEARY Y 15 DE AGO.,,,-,,,,,,,,,,,,,6311237-0,,,,-,EF0,-,,ST_NEVER,,
994,CHIC CENTER,1,2,0,,2016-07-03 19:34:44,,,,,HAEDO C/ 15 DE AGOSTO,,,-,,,,,,,,,,,,,2314763-6,,,,-,EF0,-,,ST_NEVER,,
995,FEERETERIA FERREY,1,2,0,,2016-07-03 19:34:44,,,,,CACIQUE LAMBARE ESQ. STA. ANA,,,-,,,,,,,,,,,,,2578259-2,,,,-,EF0,-,,ST_NEVER,,
996,ELECTRICIDAD YACYRETA S.A.,1,2,0,,2016-07-03 19:34:44,,,,,GRAL. DIAZ E/ CHILE Y ALBERDI,,,-,,,,,,,,,,,,,80087174-0,,,,-,EF0,-,,ST_NEVER,,
997,FERRETERIA ELOHIM,1,2,0,,2016-07-03 19:34:44,,,,,AV. FERNANDO DE LA MORA C/ SEXTA,,,-,,,,,,,,,,,,,2336310-0,,,,-,EF0,-,,ST_NEVER,,
998,TEJICAR,1,2,0,,2016-07-03 19:34:44,,,,,RCA. ARGENTINA NÂº 2582,,,-,,550-357,,,,,,,,,,,3217226-5,,,,-,EF0,-,,ST_NEVER,,
999,FERRETERIA UNION COMERCIAL,1,2,0,,2016-07-03 19:34:44,,,,,PIRIZAL 2792 C/ GRAL. SANTOS,,,-,,,,,,,,,,,,,5076992-7,,,,-,EF0,-,,ST_NEVER,,
1000,FERRETERIA CABAPAR S.R.L.,1,2,0,,2016-07-03 19:34:44,,,,,RCA. ARGENTINA C/ DR. GOIBURU,,,-,,,,,,,,,,,,,80083647-2,,,,-,EF0,-,,ST_NEVER,,
1001,SERGIO RAMON,1,2,0,,2016-07-03 19:34:44,,,,,ACUÃ?A DE FIGUEROA C/ SAN ISIDRO,,,-,,,,,,,,,,,,,798205-4,,,,-,EF0,-,,ST_NEVER,,
1002,FERRETERIA REPUBLICA,1,2,0,,2016-07-03 19:34:44,,,,,RCA. ARG. ESQ. VENCEDORES DEL CHACO 9999,,,-,,,,,,,,,,,,,1190853-0,,,,-,EF0,-,,ST_NEVER,,
1003,BALEZBA S.A.,1,2,0,,2016-07-03 19:34:44,,,,,AYOLAS C/ GRAL. DIAZ,,,-,,,,,,,,,,,,,80090488-5,,,,-,EF0,-,,ST_NEVER,,
1004,FERRETERIA CENTRAL,1,2,0,,2016-07-03 19:34:44,,,,,11 DE SEPTIEMBRE C/ ELIGIO AYALA,,,-,,,,,,,,,,,,,1278779-5,,,,-,EF0,-,,ST_NEVER,,
1005,FERRETERIA EL 11 REAL,1,2,0,,2016-07-03 19:34:44,,,,,11 DE SEPTIEMBRE C/ BOQUERON,,,-,,,,,,,,,,,,,4752536-3,,,,-,EF0,-,,ST_NEVER,,
1006,FERRETERIA VELOX,1,2,0,,2016-07-03 19:34:44,,,,,SAN ISIDRO ESQ. ACUÃ?A DE FIGUEROA,,,-,,,,,,,,,,,,,1253885-0,,,,-,EF0,-,,ST_NEVER,,
1007,FERRETERIA EL ALBA,1,2,0,,2016-07-03 19:34:44,,,,,CACIQUE LAMBARE C/ YAKARE VALIJA,,,-,,,,,,,,,,,,,567174-4,,,,-,EF0,-,,ST_NEVER,,
1008,SAN BERNARDINO,1,2,0,,2016-07-03 19:34:44,,,,,RCA. ARG. ESQ. FDO. DE LA MORA,,,-,,,,,,,,,,,,,906417-6,,,,-,EF0,-,,ST_NEVER,,
1009,FERRETERIA LA BROCHA,1,2,0,,2016-07-03 19:34:44,,,,,GRAL. SANTOS C/ MAYOR ARGUELLO,,,-,,,,,,,,,,,,,1990316-2,,,,-,EF0,-,,ST_NEVER,,
1010,JUAN PABLO CARDOZO BENITEZ,1,2,0,,2016-07-03 19:34:44,,,,,AV. FERNANDO DE LA MORA C/ SEDRO,,,-,,,,,,,,,,,,,1024202-3,,,,-,EF0,-,,ST_NEVER,,
1011,FERRETERIA LA ROSARINA,1,2,0,,2016-07-03 19:34:44,,,,,ESPAÃ?A C/ TACUARI,,,-,,,,,,,,,,,,,801997-5,,,,-,EF0,-,,ST_NEVER,,
1012,DEPOSITO SANTA ROSA S.R.L.,1,2,0,,2016-07-03 19:34:44,,,,,16 PYTDA. ESQ. CHIANG KAI SHEK,,,-,,,,,,,,,,,,,80017132-2,,,,-,EF0,-,,ST_NEVER,,
1013,COMERCIAL RICHARD,1,2,0,,2016-07-03 19:34:44,,,,,ARTIGAS 4111 C/ CNEL. MONTIEL,,,-,,,,,,,,,,,,,804499-6,,,,-,EF0,-,,ST_NEVER,,
1014,MENDOZA FERRETERIA,1,2,0,,2016-07-03 19:34:44,,,,,ARTIGAS C/ SGTO. FERNANDEZ,,,-,,298-726,,,,,,,,,,,4197123-0,,,,-,EF0,-,,ST_NEVER,,
1015,FERRETERIA TRINIDAD DE RAFAEL RUIZ DIAZ,1,2,0,,2016-07-03 19:34:44,,,,,ARTIGAS,,,-,,,,,,,,,,,,,2275939-5,,,,-,EF0,-,,ST_NEVER,,
1016,FERRETERIA F.A.,1,2,0,,2016-07-03 19:34:44,,,,,TTE. FARIÃ?A ESQ. IND.NAC.,,,-,,,,,,,,,,,,,1539716-5,,,,-,EF0,-,,ST_NEVER,,
1017,FERRETERIA MAPACAR,1,2,0,,2016-07-03 19:34:44,,,,,AV. ARTIGAS 3741 C/ CAÃ?ADA CHAQUEÃ?A,,,-,,,,,,,,,,,,,1131800-7,,,,-,EF0,-,,ST_NEVER,,
1018,FERRETERIA EL ANGEL,1,2,0,,2016-07-03 19:34:44,,,,,FELIPE LEO 1703 ESQ. GUBETICH,,,-,,280-756,,,,,,,,,,,521205-7,,,,-,EF0,-,,ST_NEVER,,
1019,CMG S.A.,1,2,0,,2016-07-03 19:34:44,,,,,FELIX BOGADO,,,-,,391-446,,,,,,,,,,,80058206-3,,,,-,EF0,-,,ST_NEVER,,
1020,JULIO CESAR RODRIGUEZ HERMOSA EIRL,1,2,0,,2016-07-03 19:34:44,,,,,1ER PRESIDENTE ESQ. CORNOEL TOLEDO,,,-,,NULL,,,,,,,,,,,80048339-1,,,,-,EF0,-,,ST_NEVER,,
1021,ROSSANA GIMENEZ,1,2,0,,2016-07-03 19:34:44,,,,,CHIANG KAI SHEK E/ YEGROS E IND. NAC.,,,-,,NULL,,,,,,,,,,,3810163-7,,,,-,EF0,-,,ST_NEVER,,
1022,DESPENSA SAN ROQUE,1,2,0,,2016-07-03 19:34:44,,,,,ANA DIAZ Y CAPITAN FIGARI,,,-,,,,,,,,,,,,,3650685,,,,-,EF0,-,,ST_NEVER,,
1023,COMERCIAL ALI,1,2,0,,2016-07-03 19:34:44,,,,,IRIBAS C/ RODRIGUEZ DE FRANCIA,,,-,,227-215,,,,,,,,,,,891441-9,,,,-,EF0,-,,ST_NEVER,,
1024,COMERCIAL MARIA LUJAN,1,2,0,,2016-07-03 19:34:44,,,,,PERU C/ RODRIGUEZ DE FRANCIA,,,-,,,,,,,,,,,,,2208924-1,,,,-,EF0,-,,ST_NEVER,,
1025,AUTOSERVICE NOEMI,1,2,0,,2016-07-03 19:34:44,,,,,ANA DIAZ ESQ.BATTILANA,,,-,,,,,,,,,,,,,4558440-0,,,,-,EF0,-,,ST_NEVER,,
1026,DESPENSA LOLO,1,2,0,,2016-07-03 19:34:44,,,,,PERU C/ RODRIGUEZ DE FRANCIA,,,-,,,,,,,,,,,,,873984-6,,,,-,EF0,-,,ST_NEVER,,
1027,COMERCIAL VM,1,2,0,,2016-07-03 19:34:44,,,,,PERU C/RODRIGUEZ DE FRANCIA,,,-,,228-214,,,,,,,,,,,4630442-8,,,,-,EF0,-,,ST_NEVER,,
1028,NATALIO MESA,1,2,0,,2016-07-03 19:34:44,,,,,PERU C/ RODRIGUEZ DE FRANCIA,,,-,,,,,,,,,,,,,2175054-8,,,,-,EF0,-,,ST_NEVER,,
1029,COMERCIAL SANTA ANA,1,2,0,,2016-07-03 19:34:44,,,,,PERU 1139 C/ REPUBLICA DE COLOMBIA,,,-,,,,,,,,,,,,,720778-6,,,,-,EF0,-,,ST_NEVER,,
1030,PANADERIA CONFITERIA STA. MARIA SRL,1,2,0,,2016-07-03 19:34:44,,,,,RODRIGUEZ DE FRANCIA 1886 ESQ. ENRIQUE SANCHEZ,,,-,,,,,,,,,,,,,80010760-8,,,,-,EF0,-,,ST_NEVER,,
1031,FIAMBRERIA CHE JAZMIN,1,2,0,,2016-07-03 19:34:44,,,,,PERU Y RCA. DE COLOMBIA,,,-,,,,,,,,,,,,,1930198-7,,,,-,EF0,-,,ST_NEVER,,
1032,AVICOLA 45,1,2,0,,2016-07-03 19:34:44,,,,,PERU 1139 C/RODRIGUEZ DE FRANCIA,,,-,,,,,,,,,,,,,984710-3,,,,-,EF0,-,,ST_NEVER,,
1033,DESPENSA NINA,1,2,0,,2016-07-03 19:34:44,,,,,JUAN DE GARAY 1794 ESQ.CNEL MORENO,,,-,,,,,,,,,,,,,10919013-9,,,,-,EF0,-,,ST_NEVER,,
1034,BODEGA TIO ALCIDES,1,2,0,,2016-07-03 19:34:44,,,,,CNEL BOGADO Y SGTO SILVA,,,-,,,,,,,,,,,,,2558699-8,,,,-,EF0,-,,ST_NEVER,,
1035,COMERCIAL ESTEBAN,1,2,0,,2016-07-03 19:34:44,,,,,ABASTO,,,-,,,,,,,,,,,,,80090717-5,,,,-,EF0,-,,ST_NEVER,,
1036,YAMILI LEZCANO,1,2,0,,2016-07-03 19:34:44,,,,,GOBERNADOR IRALA 2048,,,-,,,,,,,,,,,,,5374440,,,,-,EF0,-,,ST_NEVER,,
1037,MERCERIA LA ECONOMIA,1,2,0,,2016-07-03 19:34:44,,,,,RUTA MCAL ESTIGARRIBIA Y HERNAND,,,-,,,,,,,,,,,,,609682-4,,,,-,EF0,-,,ST_NEVER,,
1038,FERRETERIA 3 HERMANAS,1,2,0,,2016-07-03 19:34:44,,,,,AVDA DEL AGRONOMO C/ RUTA MCAL ESTIGARRIBIA,,,-,,,,,,,,,,,,,1868571-4,,,,-,EF0,-,,ST_NEVER,,
1039,AUTOSERVIS PAMPITA,1,2,0,,2016-07-03 19:34:44,,,,,NUÃ?O CHAVEZ 1297 C/ ARANDA,,,-,,,,,,,,,,,,,,,,,-,EF0,-,,ST_NEVER,,
1040,SUPERMERCADO MANA,1,2,0,,2016-07-03 19:34:44,,,,,GUILLERMO ARIAS C/ DR PAIVA,,,-,,,,,,,,,,,,,3267255-1,,,,-,EF0,-,,ST_NEVER,,
1041,BAR YSAPY,1,2,0,,2016-07-03 19:34:44,,,,,GRAL DIAZ C/DON BOSCO,,,-,,,,,,,,,,,,,2377956-0,,,,-,EF0,-,,ST_NEVER,,
1042,COMERCIAL YBERA,1,2,0,,2016-07-03 19:34:44,,,,,SGTO. SILVA 848,,,-,,,,,,,,,,,,,2012219-5,,,,-,EF0,-,,ST_NEVER,,
1043,DESPENSA NAVEGANTES 2,1,2,0,,2016-07-03 19:34:44,,,,,CNEL.HERMOSA 2238 C/ N. DE CHAVEZ,,,-,,,,,,,,,,,,,487636-9,,,,-,EF0,-,,ST_NEVER,,
1044,SUPERMERCADO PACIFICO,1,2,0,,2016-07-03 19:34:44,,,,,CARLOS A. LOPEZ 1755 Y IVAN DE GARAY,,,-,,,,,,,,,,,,,80061258-2,,,,-,EF0,-,,ST_NEVER,,
1045,SUPERMERCADO VILLA SOFIA S.A,1,2,0,,2016-07-03 19:34:44,,,,,CARLOS A. LOPEZ ESQ. DIAZ DE SOLIS,,,-,,,,,,,,,,,,,80022147-8,,,,-,EF0,-,,ST_NEVER,,
1046,AUTOSERVICE EBCEN,1,2,0,,2016-07-03 19:34:44,,,,,DR. MONTERO Y ARELLANA,,,-,,,,,,,,,,,,,4220820-3,,,,-,EF0,-,,ST_NEVER,,
1047,ROSA SALINAS,1,2,0,,2016-07-03 19:34:44,,,,,SGTO SILVA Y DEFENSORES DEL CHACO,,,-,,,,,,,,,,,,,,,,,-,EF0,-,,ST_NEVER,,
1048,CARNICERIA YSAPY,1,2,0,,2016-07-03 19:34:44,,,,,SGTO SILVA C/ 10 DE AGOSTO,,,-,,,,,,,,,,,,,6725448-9,,,,-,EF0,-,,ST_NEVER,,
1049,COMERCIAL KEVIN,1,2,0,,2016-07-03 19:34:44,,,,,ABASTO,,,-,,,,,,,,,,,,,1131620-9,,,,-,EF0,-,,ST_NEVER,,
1050,EL GATO COMERCIAL,1,2,0,,2016-07-03 19:34:44,,,,,SGTO. SILVA ESQ. SAN LORENZO,,,-,,,,,,,,,,,,,969604-0,,,,-,EF0,-,,ST_NEVER,,
1051,AGROVETERINARIA EL PRODUCTOR,1,2,0,,2016-07-03 19:34:44,,,,,RUTA MCAL. ESTIGARRIBIA C/ ESPAÃ?A,,,-,,,,,,,,,,,,,709630-5,,,,-,EF0,-,,ST_NEVER,,
1052,BIOQUIMICA PARAGUAYA,1,2,0,,2016-07-03 19:34:44,,,,,ABASTO,,,-,,,,,,,,,,,,,7784025-9,,,,-,EF0,-,,ST_NEVER,,
1053,DESPENSA LEO,1,2,0,,2016-07-03 19:34:44,,,,,NSTRA SRA DE LA ASUNCION E/ NOVENA Y DECIMA,,,-,,,,,,,,,,,,,1370732-9,,,,-,EF0,-,,ST_NEVER,,
1054,JES MARI S.A,1,2,0,,2016-07-03 19:34:44,,,,,BATTILANA 1268 C/ ANA DIAZ,,,-,,,,,,,,,,,,,80090896-1,,,,-,EF0,-,,ST_NEVER,,
1055,DESPENSA ESTERCITA,1,2,0,,2016-07-03 19:34:44,,,,,DR. MONTERO C/ TESTANOVA,,,-,,,,,,,,,,,,,518254-9,,,,-,EF0,-,,ST_NEVER,,
1056,DESPENSA SAN CAYETANO,1,2,0,,2016-07-03 19:34:44,,,,,29 PROYECTADA Y MAYOR FLEITAS,,,-,,,,,,,,,,,,,566248-6,,,,-,EF0,-,,ST_NEVER,,
1057,AUTOSERVICE LA FAMILIA,1,2,0,,2016-07-03 19:34:44,,,,,TTE FARIÃ?A Y PAI PEREZ,,,-,,,,,,,,,,,,,3722849-8,,,,-,EF0,-,,ST_NEVER,,
1058,FERRETERIA WILKEN,1,2,0,,2016-07-03 19:34:44,,,,,AVDA. 5TA ESQ. ITURBE,,,-,,,,,,,,,,,,,80003143-3,,,,-,EF0,-,,ST_NEVER,,
1059,MERCADO MODELO LAUN,1,2,0,,2016-07-03 19:34:44,,,,,RODRIGUEZ DE FRANCIA ESQ. IRIBAS,,,-,,,,,,,,,,,,,998072-5,,,,-,EF0,-,,ST_NEVER,,
1060,DON RUBIO,1,2,0,,2016-07-03 19:34:44,,,,,ARAGON,,,-,,,,,,,,,,,,,1176127-0,,,,-,EF0,-,,ST_NEVER,,
1061,DESPENSA-FIAMBRERIA CARLOS MATIAS,1,2,0,,2016-07-03 19:34:44,,,,,ARAGON,,,-,,,,,,,,,,,,,5902326-1,,,,-,EF0,-,,ST_NEVER,,
1062,INTERTRADIMG CISA,1,2,0,,2016-07-03 19:34:44,,,,,RCA. DE COLOMBIA 1444 C/ PERU,,,-,,,,,,,,,,,,,80026363-4,,,,-,EF0,-,,ST_NEVER,,
1063,DESPENSA GRACIELITA,1,2,0,,2016-07-03 19:34:44,,,,,CABO VERDE C/ SAN NICOLAS,,,-,,,,,,,,,,,,,390194-7,,,,-,EF0,-,,ST_NEVER,,
1064,AGROVETERINARIA GUAIRA,1,2,0,,2016-07-03 19:34:44,,,,,RUTA MCAL. ESTIGARRIBIA 373,,,-,,583083,,,,,,,,,,,976637-5,,,,-,EF0,-,,ST_NEVER,,
1065,AUTOSERVICE SAN ROQUE,1,2,0,,2016-07-03 19:34:44,,,,,ANA DIAZ Y CPTAN. FIGARI,,,-,,,,,,,,,,,,,365068-5,,,,-,EF0,-,,ST_NEVER,,
1066,COMERCIAL JUNIOR,1,2,0,,2016-07-03 19:34:44,,,,,TTE. FARIÃ?A NRO. 1507 C/ PERU,,,-,,,,,,,,,,,,,932124-1,,,,-,EF0,-,,ST_NEVER,,
1067,CRISPIN ARCE S.R.L.,1,2,0,,2016-07-03 19:34:44,,,,,AVDA. ARTIGAS Y SANTISIMA TRINIDAD,,,-,,,,,,,,,,,,,8000306-1,,,,-,EF0,-,,ST_NEVER,,
1068,GRUPO AGROTIERRA S.A.,1,2,0,,2016-07-03 19:34:44,,,,,RUTA MCAL. ESTIGARRIBIA C/ ESPAÃ?A,,,-,,,,,,,,,,,,,80075135-3,,,,-,EF0,-,,ST_NEVER,,
1069,JORGE GAONA,1,2,0,,2016-07-03 19:34:44,,,,,6TA PROYECTADA C/ MORELOS,,,-,,390171,,,,,,,,,,,1187832,,,,-,EF0,-,,ST_NEVER,,
1070,AUTOSERVICE EL BLANCO,1,2,0,,2016-07-03 19:34:44,,,,,ARAGON,,,-,,,,,,,,,,,,,3683648-6,,,,-,EF0,-,,ST_NEVER,,
1071,COMERCIAL LUIS,1,2,0,,2016-07-03 19:34:44,,,,,AVDA. RODRIGUEZ DE FRANCIA 1654,,,-,,,,,,,,,,,,,1269645-5,,,,-,EF0,-,,ST_NEVER,,
1072,ALMACEN DOÃ?A ELBA,1,2,0,,2016-07-03 19:34:44,,,,,DIAZ DE SOLIS 2596,,,-,,,,,,,,,,,,,169101-5,,,,-,EF0,-,,ST_NEVER,,
1073,COMERCIAL MOISES,1,2,0,,2016-07-03 19:34:44,,,,,AVDA. RODRIGUEZ DE FRANCIA E/ BATTILANA Y PERU,,,-,,,,,,,,,,,,,737016-4,,,,-,EF0,-,,ST_NEVER,,
1074,COMERCIAL SAN MIGUEL,1,2,0,,2016-07-03 19:34:44,,,,,MIRANDA CUETO C/ GRAL CABALLERO,,,-,,,,,,,,,,,,,1756188-4,,,,-,EF0,-,,ST_NEVER,,
1075,CASA DULZURA,1,2,0,,2016-07-03 19:34:44,,,,,TTE. FARIÃ?A 1510 C/ PERU,,,-,,,,,,,,,,,,,2129258-2,,,,-,EF0,-,,ST_NEVER,,
1076,MINITODO,1,2,0,,2016-07-03 19:34:44,,,,,OTAZU C/ ANA DIAZ 1338,,,-,,,,,,,,,,,,,1484327-7,,,,-,EF0,-,,ST_NEVER,,
1077,FERRETERIA ELECTRO 5TA AVENIDA,1,2,0,,2016-07-03 19:34:44,,,,,5TA. C/ NTRA. SEÃ?ORA DE LA ASUNCUION,,,-,,,,,,,,,,,,,1225394-4,,,,-,EF0,-,,ST_NEVER,,
1078,FERRETERIA ANGEL,1,2,0,,2016-07-03 19:34:44,,,,,CABAÃ?AS C/ MARIA AUXILIADORA,,,-,,,,,,,,,,,,,1078428-4,,,,-,EF0,-,,ST_NEVER,,
1079,JACINTA FARIÃ?A DE RIOS,1,2,0,,2016-07-03 19:34:44,,,,,"YEGROS Y TTE. FARIÃ?A., MERCADO NRO 1, CASILLA 15",,,-,,,,,,,,,,,,,1793655,,,,-,EF0,-,,ST_NEVER,,
1080,FERRENICO COMERCIAL,1,2,0,,2016-07-03 19:34:44,,,,,ALEJO GARCIA 1999 ESQ. TTE. PRIETO,,,-,,,,,,,,,,,,,414341-8,,,,-,EF0,-,,ST_NEVER,,
1081,FERRETERIA RIO MAR,1,2,0,,2016-07-03 19:34:44,,,,,DR. MONTERO Y DR. PAIVA,,,-,,,,,,,,,,,,,964380-0,,,,-,EF0,-,,ST_NEVER,,
1082,CONSTRUTEC FERRETERIA,1,2,0,,2016-07-03 19:34:44,,,,,RIO DE LA PLATA NÂ° 519,,,-,,,,,,,,,,,,,2346120-9,,,,-,EF0,-,,ST_NEVER,,
1083,COMERCIAL GENESIS,1,2,0,,2016-07-03 19:34:44,,,,,GRAL DIAZ. E/ DON BOSCO,,,-,,,,,,,,,,,,,2255536-6,,,,-,EF0,-,,ST_NEVER,,
1084,DESPENSA SAN CAYETANO,1,2,0,,2016-07-03 19:34:44,,,,,"CALLE CORTA, CONT. DE TTE. FARIÃ?A",,,-,,,,,,,,,,,,,807932-3,,,,-,EF0,-,,ST_NEVER,,
1085,NADSA COMERCIAL,1,2,0,,2016-07-03 19:34:44,,,,,SGTO. SILVA E/ JULIA M. CUETO,,,-,,,,,,,,,,,,,479769-8,,,,-,EF0,-,,ST_NEVER,,
1086,JUNIOR COMERCIAL,1,2,0,,2016-07-03 19:34:44,,,,,FERIA ARAGON - FRENTE A ISLA VERDE,,,-,,,,,,,,,,,,,3784310,,,,-,EF0,-,,ST_NEVER,,
1087,DESPENSA DANY,1,2,0,,2016-07-03 19:34:44,,,,,MERCADO DE ABASTO DE ASUNCION,,,-,,,,,,,,,,,,,3293598-6,,,,-,EF0,-,,ST_NEVER,,
1088,PERIPAN S.R.L.,1,2,0,,2016-07-03 19:34:44,,,,,MERCADO DE ABASTO - TTE. FELIX LOPEZ,,,-,,,,,,,,,,,,,1759223-2,,,,-,EF0,-,,ST_NEVER,,
1089,AUTOSERVICE CRUZ DEL SUR,1,2,0,,2016-07-03 19:34:44,,,,,AVELINO MARTIEZ NÂ°672,,,-,,,,,,,,,,,,,619365-0,,,,-,EF0,-,,ST_NEVER,,
1090,LA FORTUNA,1,2,0,,2016-07-03 19:34:44,,,,,SGTO. SILVA C/ JULIA M. CUETO,,,-,,,,,,,,,,,,,833318-1,,,,-,EF0,-,,ST_NEVER,,
1091,SEBASTIAN S.A.,1,2,0,,2016-07-03 19:34:44,,,,,SGTO. SILVA NÂ° 716 C/ JULIA M. CUETO,,,-,,,,,,,,,,,,,80040987-6,,,,-,EF0,-,,ST_NEVER,,
1092,FERRETERIA CUEVAS,1,2,0,,2016-07-03 19:34:44,,,,,SGTO. SILVA NÂ° 738 C/ JULIA M. CUETO,,,-,,,,,,,,,,,,,809622-8,,,,-,EF0,-,,ST_NEVER,,
1093,PAMELA MARTINEZ,1,2,0,,2016-07-03 19:34:44,,,,,"MERCADO DE ABASTO, FRENTE A PANAD. LOS AMIGOS",,,-,,,,,,,,,,,,,4751340,,,,-,EF0,-,,ST_NEVER,,
1094,DESPENSA NUEVA ESTRELLA,1,2,0,,2016-07-03 19:34:44,,,,,"MERCADO DE ABASTO, BLOQ C - LOCAL 54",,,-,,,,,,,,,,,,,414621-2,,,,-,EF0,-,,ST_NEVER,,
1095,MOLINOS SANTO TOMAS,1,2,0,,2016-07-03 19:34:44,,,,,MERCADO DE ABASTO - BLOQ E - LOCAL 15,,,-,,,,,,,,,,,,,1976399-9,,,,-,EF0,-,,ST_NEVER,,
1096,DESPENSA TIA LIDIA,1,2,0,,2016-07-03 19:34:44,,,,,NTRA. SRA. DE LA ASUNCION Y PINEDO,,,-,,,,,,,,,,,,,857800,,,,-,EF0,-,,ST_NEVER,,
1097,FERRETERIA NUEVO HORIZONTE,1,2,0,,2016-07-03 19:34:44,,,,,AVELINO MARTINEZ ESQ. PADRE TRUJILLO,,,-,,,,,,,,,,,,,891574-1,,,,-,EF0,-,,ST_NEVER,,
1098,AUTOSERVICE KAA VO,1,2,0,,2016-07-03 19:34:44,,,,,29 PROYECTADAS C/ MORELOS,,,-,,,,,,,,,,,,,3740589-6,,,,-,EF0,-,,ST_NEVER,,
1099,AUTOSERVICE DIEGO,1,2,0,,2016-07-03 19:34:44,,,,,MORELOS Y 12 PROYECTADAS,,,-,,,,,,,,,,,,,1012521-3,,,,-,EF0,-,,ST_NEVER,,
1100,EMILIO DUARTE BAEZ,1,2,0,,2016-07-03 19:34:44,,,,,MEDICOS DEL CHACO C/ PAZ DEL CHACO,,,-,,300-800,,,,,,,,,,,517615-8,,,,-,EF0,-,,ST_NEVER,,
1101,DISTRIBUIDORA M.G.,1,2,0,,2016-07-03 19:34:44,,,,,EUSEBIO AYALA 733 C/ CPTAN. RIVAROLA,,,-,,,,,,,,,,,,,1769746-8,,,,-,EF0,-,,ST_NEVER,,
1102,FERRETERIA RAYMI,1,2,0,,2016-07-03 19:34:44,,,,,16 PYTDAS. NÂº 637 C/ 15 DE AGOSTO,,,-,,,,,,,,,,,,,2138374-0,,,,-,EF0,-,,ST_NEVER,,
1103,COMERCIAL BERNAL,1,2,0,,2016-07-03 19:34:44,,,,,DR. GONDRA 444 C/ TTE. ROOLI,,,-,,,,,,,,,,,,,555356-3,,,,-,EF0,-,,ST_NEVER,,
1104,CENTRO DE LUBRICANTES,1,2,0,,2016-07-03 19:34:44,,,,,MEDICOS DEL CHACO 3686,,,-,,,,,,,,,,,,,4084631-8,,,,-,EF0,-,,ST_NEVER,,
1105,CASA LOURDES,1,2,0,,2016-07-03 19:34:44,,,,,CENTRO COMERCIAL STA. TERESA,,,-,,,,,,,,,,,,,823027-7,,,,-,EF0,-,,ST_NEVER,,
1106,HILARION PORTILLO,1,2,0,,2016-07-03 19:34:44,,,,,LOCAL 1 Y 2 - BLOQUE C. M. ABASTO,,,-,,,,,,,,,,,,,665298-0,,,,-,EF0,-,,ST_NEVER,,
1107,COMERCIAL EL DECANO,1,2,0,,2016-07-03 19:34:44,,,,,TTE. FARIÃ?A NÂº 1514 C/ PERU,,,-,,,,,,,,,,,,,2071523-4,,,,-,EF0,-,,ST_NEVER,,
1108,COMERCIAL GLORIA,1,2,0,,2016-07-03 19:34:44,,,,,RCA. DE COLOMBIA NÂº1484 C/ PERU,,,-,,,,,,,,,,,,,2371149,,,,-,EF0,-,,ST_NEVER,,
1109,CASA JUANI,1,2,0,,2016-07-03 19:34:44,,,,,GINES NÂº1088,,,-,,,,,,,,,,,,,1708816-0,,,,-,EF0,-,,ST_NEVER,,
1110,DESPENSA GUSTAVITO,1,2,0,,2016-07-03 19:34:44,,,,,CARRETERA DE LOPEZ Y CERRO LAMBARE,,,-,,,,,,,,,,,,,2014784-8,,,,-,EF0,-,,ST_NEVER,,
1111,COMERCIAL SANDINO,1,2,0,,2016-07-03 19:34:44,,,,,1RO DE MARZO C/ CERRO LAMBARE,,,-,,,,,,,,,,,,,2485031-4,,,,-,EF0,-,,ST_NEVER,,
1112,FERRETERIA LEO S.A.,1,2,0,,2016-07-03 19:34:44,,,,,EUSEBIO AYALA ESQ. CAP. RIVAROLA,,,-,,,,,,,,,,,,,80003517-8,,,,-,EF0,-,,ST_NEVER,,
1113,FERRETERIA ALFA,1,2,0,,2016-07-03 19:34:44,,,,,10 DE AGOSTO Y SGTO. SILVA,,,-,,,,,,,,,,,,,560203-3,,,,-,EF0,-,,ST_NEVER,,
1114,DESPENSA SAN RAFAEL,1,2,0,,2016-07-03 19:34:44,,,,,JULIA MIRANDA CUETO,,,-,,,,,,,,,,,,,842925-1,,,,-,EF0,-,,ST_NEVER,,
1115,DESPENSA NOEMI,1,2,0,,2016-07-03 19:34:44,,,,,"FERIA ARAGON, AL LADO DE CASILLA F",,,-,,,,,,,,,,,,,1447780,,,,-,EF0,-,,ST_NEVER,,
1116,MODULO 14,1,2,0,,2016-07-03 19:34:44,,,,,PROV. PERU,,,-,,,,,,,,,,,,,690167-0,,,,-,EF0,-,,ST_NEVER,,
1117,SANTA ANA COMERCIAL,1,2,0,,2016-07-03 19:34:44,,,,,PRESIDENTE FRANCO C/ COLON,,,-,,,,,,,,,,,,,809754-2,,,,-,EF0,-,,ST_NEVER,,
1118,FERRETERIA CENTRAL,1,2,0,,2016-07-03 19:34:44,,,,,CERRO LAMBARE 1320,,,-,,,,,,,,,,,,,506064-4,,,,-,EF0,-,,ST_NEVER,,
1119,FERRETERIA OESTE,1,2,0,,2016-07-03 19:34:44,,,,,CARRETERA DE LOPEZ 1365 Y SAN FRANCISCO,,,-,,,,,,,,,,,,,2109493-4,,,,-,EF0,-,,ST_NEVER,,
1120,MARCELO AYALA,1,2,0,,2016-07-03 19:34:44,,,,,INOL NAEL 2318 C/ ITAPIRU,,,-,,,,,,,,,,,,,3778001-8,,,,-,EF0,-,,ST_NEVER,,
1121,FERRETERIA CHAVO,1,2,0,,2016-07-03 19:34:44,,,,,RUTA MCAL. ESTIGARRIBIA 2239 C/ ESPAÃ?A,,,-,,,,,,,,,,,,,431835-8,,,,-,EF0,-,,ST_NEVER,,
1122,AGROVETERINARIA Y FERRETERIA PYA RGF S.A.,1,2,0,,2016-07-03 19:34:44,,,,,RUTA MCAL. ESTIGARRIBIA C/ ESPAÃ?A,,,-,,,,,,,,,,,,,80083250-7,,,,-,EF0,-,,ST_NEVER,,
1123,LUBRIMOVIL,1,2,0,,2016-07-03 19:34:44,,,,,BRUNO GUGGIARI 1471 C/ ANTILLAS,,,-,,,,,,,,,,,,,1255368-9,,,,-,EF0,-,,ST_NEVER,,
1124,YOLANDA LUGO,1,2,0,,2016-07-03 19:34:44,,,,,KALMAI-ABASTO,,,-,,,,,,,,,,,,,2509577-3,,,,-,EF0,-,,ST_NEVER,,
1125,FERRETERIA LAURA,1,2,0,,2016-07-03 19:34:44,,,,,JULIA M. CUETO 492 C/ CNEL. ROMERO,,,-,,,,,,,,,,,,,3791053-1,,,,-,EF0,-,,ST_NEVER,,
1126,FERRETERIA EL COFRE DE ELSA RIQULEME,1,2,0,,2016-07-03 19:34:44,,,,,TREJO Y SANABRIA ESQ. CNEL. LIRIO,,,-,,,,,,,,,,,,,238865-0,,,,-,EF0,-,,ST_NEVER,,
1127,DIMPEX S.R.L.,1,2,0,,2016-07-03 19:34:44,,,,,GARIBALDI ESQ. PDTE. FRANCO,,,-,,,,,,,,,,,,,80011079-0,,,,-,EF0,-,,ST_NEVER,,
1128,MOLINOS SAN LUIS,1,2,0,,2016-07-03 19:34:44,,,,,JULIA M. CUETO - MDO. SAN LORENZO PLAZOLETA MUNICIPAL,,,-,,,,,,,,,,,,,979806-4,,,,-,EF0,-,,ST_NEVER,,
1129,REINALDO TORRES,1,2,0,,2016-07-03 19:34:44,,,,,CNEL. LIRIO C/ MELO DE PORTUGAL,,,-,,,,,,,,,,,,,3450161-4,,,,-,EF0,-,,ST_NEVER,,
1130,COMERCIAL EL ARROYENSE,1,2,0,,2016-07-03 19:34:44,,,,,PERU E/ RODRIGUEZ DE FRANCIA Y RPCA. DE COL.,,,-,,,,,,,,,,,,,3230349-1,,,,-,EF0,-,,ST_NEVER,,
1131,CASA DARIO,1,2,0,,2016-07-03 19:34:44,,,,,RODRIGUEZ DE FRANCIA ESQ. IRIBAS,,,-,,,,,,,,,,,,,2038202-2,,,,-,EF0,-,,ST_NEVER,,
1132,CELSO R. SOSA R. - (CIAL. LA CANDELARIA),1,2,0,,2016-07-03 19:34:44,,,,,ESPAÃ?A C/ JULIA M. CUETO,,,-,,,,,,,,,,,,,3639242-1,,,,-,EF0,-,,ST_NEVER,,
1133,DESPENSA LOS MELLIZOS,1,2,0,,2016-07-03 19:34:44,,,,,PLAZOLETA MERC. SAN LORENZO,,,-,,,,,,,,,,,,,1237200,,,,-,EF0,-,,ST_NEVER,,
1134,VOLTA ELECTRICIDAD,1,2,0,,2016-07-03 19:34:44,,,,,NTRA. SRA. DE LA ASUNCION Y 10MA PYTDA.,,,-,,370-606,,,,,,,,,,,736759-7,,,,-,EF0,-,,ST_NEVER,,
1135,TU AUTOSERVICE,1,2,0,,2016-07-03 19:34:44,,,,,10MA PYTDA. Y AYOLAS,,,-,,,,,,,,,,,,,2205716-1,,,,-,EF0,-,,ST_NEVER,,
1136,HEFA NADIA L. RIVEROS,1,2,0,,2016-07-03 19:34:44,,,,,COLON 2549 C/ 14 PYTDAS.,,,-,,,,,,,,,,,,,284355-2,,,,-,EF0,-,,ST_NEVER,,
1137,AUTOSERVICE SAN ANTONIO,1,2,0,,2016-07-03 19:34:44,,,,,DOCTOR PAIVA ESQ. TTE. PRIETO,,,-,,,,,,,,,,,,,3833538-7,,,,-,EF0,-,,ST_NEVER,,
1138,DESPENSA 4 HERMANAS,1,2,0,,2016-07-03 19:34:44,,,,,TTE. PRIETO ESQ. DIAS DE SOLIS,,,-,,,,,,,,,,,,,225600-2,,,,-,EF0,-,,ST_NEVER,,
1139,MARIA TERESA DE CENTURION,1,2,0,,2016-07-03 19:34:44,,,,,TREJO DE SANABRIA NÂº 1717 ESQ. CNEL. LOPEZ,,,-,,481-354,,,,,,,,,,,799660-8,,,,-,EF0,-,,ST_NEVER,,
1140,FERRETERIA HEMAR DE JUANA MARIA RODRIGUEZ,1,2,0,,2016-07-03 19:34:44,,,,,ANA DIAZ NÂº 1546 E/ PERU Y BATILANA,,,-,,,,,,,,,,,,,707637-1,,,,-,EF0,-,,ST_NEVER,,
1141,FERRETERIA DAFER,1,2,0,,2016-07-03 19:34:44,,,,,5TA. E/ CHILE Y ALBERDI,,,-,,,,,,,,,,,,,80090335-8,,,,-,EF0,-,,ST_NEVER,,
1142,FERRETERIA BLASITO DE OMAR PAREDES,1,2,0,,2016-07-03 19:34:44,,,,,MADRINAS DE LA GUERA 2606 ESQ. INGAVI,,,-,,,,,,,,,,,,,1240821-2,,,,-,EF0,-,,ST_NEVER,,
1143,GUSTAVO AGUAYO,1,2,0,,2016-07-03 19:34:44,,,,,JUAN LEON MALLORQUIN NÂº269 E/ LAZARO DE RIVERA,,,-,,,,,,,,,,,,,3847083-7,,,,-,EF0,-,,ST_NEVER,,
1144,FERRETERIA SAN JOSE,1,2,0,,2016-07-03 19:34:44,,,,,PETTIROSSI,,,-,,,,,,,,,,,,,1771222-0,,,,-,EF0,-,,ST_NEVER,,
1145,CENTRO ASISTENCIAL VETERINARIA CONAPE S.A.,1,2,0,,2016-07-03 19:34:44,,,,,ANA DIAZ C/ PA'I PEREZ,,,-,,226-714,,,,,,,,,,,80021650-4,,,,-,EF0,-,,ST_NEVER,,
1146,D Y V MEDIFARMA S.A.,1,2,0,,2016-07-03 19:34:44,,,,,IRIBAS NÂº 111 E/ PROC. DE MAYO Y R. DE FRANCIA,,,-,,,,,,,,,,,,,80029673-7,,,,-,EF0,-,,ST_NEVER,,
1147,AURELIANO IRALA,1,2,0,,2016-07-03 19:34:44,,,,,CNEL. ROMERO C/ MCAL. ESTIG.,,,-,,,,,,,,,,,,,2299773-3,,,,-,EF0,-,,ST_NEVER,,
1148,COPETIN EL TRIANGULO,1,2,0,,2016-07-03 19:34:44,,,,,SARTURIO RIOS C/ MCAL. ESTIG.,,,-,,,,,,,,,,,,,2038002-0,,,,-,EF0,-,,ST_NEVER,,
1149,CASILLA BLAS,1,2,0,,2016-07-03 19:34:44,,,,,ARAGON - ENTRAR POR SAN BLAS,,,-,,,,,,,,,,,,,1823088,,,,-,EF0,-,,ST_NEVER,,
1150,SUPERMERCADO SANTA ELSA,1,2,0,,2016-07-03 19:34:44,,,,,DR. PAIVA ESQ. CMTE. GAMARRA,,,-,,NULL,,,,,,,,,,,80025603-4,,,,-,EF0,-,,ST_NEVER,,
1151,MARCELO MALDONADO,1,2,0,,2016-07-03 19:34:44,,,,,RODRIGUEZ DE FRANCIA C/ CABALLERO,,,-,,0971 731-904,,,,,,,,,,,4210028,,,,-,EF0,-,,ST_NEVER,,
1152,COCODRILO CASA Y JARDIN,1,2,0,,2016-07-03 19:34:44,,,,,CNEL. OVIEDO C/ CAP. ANDRES INSFRAN,,,-,,NULL,,,,,,,,,,,1171626-6,,,,-,EF0,-,,ST_NEVER,,
1153,FERRETERIA EL 14,1,2,0,,2016-07-03 19:34:44,,,,,RUTA Nº KM 14,,,-,,NULL,,,,,,,,,,,1130958-0,,,,-,EF0,-,,ST_NEVER,,
1154,YESICA ROLON,1,2,0,,2016-07-03 19:34:44,,,,,ABASTO BLOQUE C - CASILLA 4 Y 5,,,-,,NULL,,,,,,,,,,,4225617-8,,,,-,EF0,-,,ST_NEVER,,
1155,COMERCIAL SAN BERNARDO,1,2,0,,2016-07-03 19:34:44,,,,,SAPROCAL - BLOQUE C - 15 Y 16 ABASTO,,,-,,NULL,,,,,,,,,,,444961-4,,,,-,EF0,-,,ST_NEVER,,
1156,SURCOS DE AMERICA S.A.,1,2,0,,2016-07-03 19:34:44,,,,,5TA. AV. C/ ESTADOS UNIDOS,,,-,,372-186,,,,,,,,,,,80040683-4,,,,-,EF0,-,,ST_NEVER,,
